3.992094e+002;0.000000e+000
4.011380e+002;0.000000e+000
4.030665e+002;0.000000e+000
4.049951e+002;0.000000e+000
4.069236e+002;0.000000e+000
4.088522e+002;0.000000e+000
4.107807e+002;0.000000e+000
4.127093e+002;0.000000e+000
4.146378e+002;0.000000e+000
4.165664e+002;0.000000e+000
4.184949e+002;0.000000e+000
4.204235e+002;0.000000e+000
4.223520e+002;0.000000e+000
4.242806e+002;0.000000e+000
4.262091e+002;0.000000e+000
4.281377e+002;0.000000e+000
4.300662e+002;0.000000e+000
4.319948e+002;0.000000e+000
4.339233e+002;0.000000e+000
4.358519e+002;0.000000e+000
4.377804e+002;0.000000e+000
4.397090e+002;0.000000e+000
4.416375e+002;0.000000e+000
4.435660e+002;0.000000e+000
4.454946e+002;0.000000e+000
4.474232e+002;0.000000e+000
4.493517e+002;0.000000e+000
4.512802e+002;0.000000e+000
4.532088e+002;0.000000e+000
4.551373e+002;0.000000e+000
4.570659e+002;0.000000e+000
4.589944e+002;0.000000e+000
4.609230e+002;0.000000e+000
4.628515e+002;0.000000e+000
4.647801e+002;0.000000e+000
4.667086e+002;0.000000e+000
4.686372e+002;0.000000e+000
4.705657e+002;0.000000e+000
4.724943e+002;0.000000e+000
4.744228e+002;0.000000e+000
4.763513e+002;0.000000e+000
4.782799e+002;0.000000e+000
4.802085e+002;0.000000e+000
4.821370e+002;0.000000e+000
4.840656e+002;0.000000e+000
4.859941e+002;0.000000e+000
4.879226e+002;0.000000e+000
4.898512e+002;0.000000e+000
4.917798e+002;0.000000e+000
4.937083e+002;0.000000e+000
4.956368e+002;0.000000e+000
4.975654e+002;0.000000e+000
4.994939e+002;0.000000e+000
5.014225e+002;0.000000e+000
5.033510e+002;0.000000e+000
5.052796e+002;0.000000e+000
5.072081e+002;0.000000e+000
5.091367e+002;0.000000e+000
5.110652e+002;0.000000e+000
5.129938e+002;0.000000e+000
5.149223e+002;0.000000e+000
5.168509e+002;0.000000e+000
5.187794e+002;0.000000e+000
5.207079e+002;0.000000e+000
5.226365e+002;0.000000e+000
5.245651e+002;0.000000e+000
5.264936e+002;0.000000e+000
5.284222e+002;0.000000e+000
5.303507e+002;0.000000e+000
5.322792e+002;0.000000e+000
5.342078e+002;0.000000e+000
5.361364e+002;0.000000e+000
5.380649e+002;0.000000e+000
5.399935e+002;0.000000e+000
5.419220e+002;0.000000e+000
5.438505e+002;0.000000e+000
5.457791e+002;0.000000e+000
5.477076e+002;0.000000e+000
5.496362e+002;0.000000e+000
5.515648e+002;0.000000e+000
5.534933e+002;0.000000e+000
5.554218e+002;0.000000e+000
5.573504e+002;0.000000e+000
5.592789e+002;0.000000e+000
5.612075e+002;0.000000e+000
5.631360e+002;0.000000e+000
5.650646e+002;0.000000e+000
5.669931e+002;0.000000e+000
5.689217e+002;0.000000e+000
5.708502e+002;0.000000e+000
5.727787e+002;0.000000e+000
5.747073e+002;0.000000e+000
5.766359e+002;0.000000e+000
5.785644e+002;0.000000e+000
5.804930e+002;0.000000e+000
5.824215e+002;0.000000e+000
5.843500e+002;0.000000e+000
5.862786e+002;0.000000e+000
5.882072e+002;0.000000e+000
5.901357e+002;0.000000e+000
5.920643e+002;0.000000e+000
5.939928e+002;0.000000e+000
5.959213e+002;0.000000e+000
5.978499e+002;0.000000e+000
5.997784e+002;1.172024e-001
6.017070e+002;1.169886e-001
6.036355e+002;1.187277e-001
6.055641e+002;1.181068e-001
6.074926e+002;1.201235e-001
6.094211e+002;1.215475e-001
6.113497e+002;1.231726e-001
6.132783e+002;1.226691e-001
6.152068e+002;1.207317e-001
6.171354e+002;1.207703e-001
6.190639e+002;1.215635e-001
6.209924e+002;1.208817e-001
6.229210e+002;1.196707e-001
6.248495e+002;1.223583e-001
6.267781e+002;1.269714e-001
6.287067e+002;1.278691e-001
6.306352e+002;1.272336e-001
6.325637e+002;1.278355e-001
6.344923e+002;1.273120e-001
6.364208e+002;1.268055e-001
6.383494e+002;1.264793e-001
6.402780e+002;1.287745e-001
6.422065e+002;1.323188e-001
6.441350e+002;1.365632e-001
6.460636e+002;1.396375e-001
6.479921e+002;1.374985e-001
6.499207e+002;1.343395e-001
6.518492e+002;1.359689e-001
6.537778e+002;1.396659e-001
6.557063e+002;1.437910e-001
6.576349e+002;1.463830e-001
6.595634e+002;1.485584e-001
6.614919e+002;1.497713e-001
6.634205e+002;1.526218e-001
6.653491e+002;1.555824e-001
6.672776e+002;1.552657e-001
6.692062e+002;1.533537e-001
6.711347e+002;1.552708e-001
6.730632e+002;1.591212e-001
6.749918e+002;1.600770e-001
6.769203e+002;1.598850e-001
6.788489e+002;1.597319e-001
6.807775e+002;1.594348e-001
6.827060e+002;1.591706e-001
6.846345e+002;1.581456e-001
6.865631e+002;1.564413e-001
6.884916e+002;1.557989e-001
6.904202e+002;1.560603e-001
6.923488e+002;1.544392e-001
6.942773e+002;1.520991e-001
6.962058e+002;1.504309e-001
6.981344e+002;1.489470e-001
7.000629e+002;1.467185e-001
7.019915e+002;1.444706e-001
7.039200e+002;1.430414e-001
7.058486e+002;1.423410e-001
7.077771e+002;1.417124e-001
7.097057e+002;1.408404e-001
7.116342e+002;1.392406e-001
7.135627e+002;1.383449e-001
7.154913e+002;1.373013e-001
7.174199e+002;1.350019e-001
7.193484e+002;1.339704e-001
7.212770e+002;1.349129e-001
7.232055e+002;1.364579e-001
7.251340e+002;1.374030e-001
7.270626e+002;1.372051e-001
7.289911e+002;1.359718e-001
7.309197e+002;1.317285e-001
7.328483e+002;1.260637e-001
7.347768e+002;1.199857e-001
7.367053e+002;1.146184e-001
7.386339e+002;1.107089e-001
7.405624e+002;1.082203e-001
7.424910e+002;1.061588e-001
7.444196e+002;1.041592e-001
7.463481e+002;1.011213e-001
7.482766e+002;9.835499e-002
7.502052e+002;9.654606e-002
7.521337e+002;9.434301e-002
7.540623e+002;9.233617e-002
7.559908e+002;9.122587e-002
7.579194e+002;9.004884e-002
7.598479e+002;8.796655e-002
7.617765e+002;8.639426e-002
7.637050e+002;8.585922e-002
7.656335e+002;8.524346e-002
7.675621e+002;8.392700e-002
7.694907e+002;8.153340e-002
7.714192e+002;8.019955e-002
7.733478e+002;7.996925e-002
7.752763e+002;7.922108e-002
7.772048e+002;7.754529e-002
7.791334e+002;7.616774e-002
7.810620e+002;7.528041e-002
7.829905e+002;7.404374e-002
7.849191e+002;7.227014e-002
7.868476e+002;7.116131e-002
7.887761e+002;7.103173e-002
7.907047e+002;7.049759e-002
7.926332e+002;6.975534e-002
7.945618e+002;6.859516e-002
7.964903e+002;6.649961e-002
7.984189e+002;6.421216e-002
8.003474e+002;6.268854e-002
8.022759e+002;6.158968e-002
8.042045e+002;6.068783e-002
8.061331e+002;5.992807e-002
8.080616e+002;5.962365e-002
8.099902e+002;5.877021e-002
8.119187e+002;5.742918e-002
8.138472e+002;5.719976e-002
8.157758e+002;5.784978e-002
8.177043e+002;5.868665e-002
8.196329e+002;6.016004e-002
8.215615e+002;6.138839e-002
8.234900e+002;6.205499e-002
8.254185e+002;6.397429e-002
8.273471e+002;6.620607e-002
8.292756e+002;6.754301e-002
8.312042e+002;6.818920e-002
8.331328e+002;6.738050e-002
8.350613e+002;6.510047e-002
8.369898e+002;6.209459e-002
8.389184e+002;5.939417e-002
8.408469e+002;5.688535e-002
8.427755e+002;5.463971e-002
8.447040e+002;5.245766e-002
8.466326e+002;5.056082e-002
8.485611e+002;4.924883e-002
8.504897e+002;4.869676e-002
8.524182e+002;4.798302e-002
8.543467e+002;4.753967e-002
8.562753e+002;4.748104e-002
8.582039e+002;4.736137e-002
8.601324e+002;4.713858e-002
8.620610e+002;4.695325e-002
8.639895e+002;4.704596e-002
8.659180e+002;4.736411e-002
8.678466e+002;4.768667e-002
8.697751e+002;4.747945e-002
8.717037e+002;4.777576e-002
8.736323e+002;4.866603e-002
8.755608e+002;4.882729e-002
8.774893e+002;4.948259e-002
8.794179e+002;5.067087e-002
8.813464e+002;5.184422e-002
8.832750e+002;5.280966e-002
8.852036e+002;5.311832e-002
8.871321e+002;5.281033e-002
8.890606e+002;5.245201e-002
8.909892e+002;5.235740e-002
8.929177e+002;5.230735e-002
8.948463e+002;5.243029e-002
8.967748e+002;5.221971e-002
8.987034e+002;5.224587e-002
9.006319e+002;5.258095e-002
9.025605e+002;5.324255e-002
9.044890e+002;5.411753e-002
9.064175e+002;5.470333e-002
9.083461e+002;5.509391e-002
9.102747e+002;5.533998e-002
9.122032e+002;5.590777e-002
9.141318e+002;5.635356e-002
9.160603e+002;5.610525e-002
9.179888e+002;5.638684e-002
9.199174e+002;5.727038e-002
9.218459e+002;5.806796e-002
9.237745e+002;5.897716e-002
9.257031e+002;6.040413e-002
9.276316e+002;6.138316e-002
9.295601e+002;6.140278e-002
9.314887e+002;6.076339e-002
9.334172e+002;6.002275e-002
9.353458e+002;5.895451e-002
9.372744e+002;5.809011e-002
9.392029e+002;5.777317e-002
9.411314e+002;5.806367e-002
9.430600e+002;5.900263e-002
9.449885e+002;6.073740e-002
9.469171e+002;6.247592e-002
9.488456e+002;6.399310e-002
9.507742e+002;6.568702e-002
9.527027e+002;6.658530e-002
9.546313e+002;6.707035e-002
9.565598e+002;6.786797e-002
9.584883e+002;6.868511e-002
9.604169e+002;6.910903e-002
9.623455e+002;6.852831e-002
9.642740e+002;6.739412e-002
9.662026e+002;6.652529e-002
9.681311e+002;6.608213e-002
9.700596e+002;6.584042e-002
9.719882e+002;6.553993e-002
9.739167e+002;6.495941e-002
9.758453e+002;6.431958e-002
9.777739e+002;6.379569e-002
9.797024e+002;6.363568e-002
9.816309e+002;6.343893e-002
9.835595e+002;6.344254e-002
9.854880e+002;6.404644e-002
9.874166e+002;6.454606e-002
9.893452e+002;6.462850e-002
9.912737e+002;6.414955e-002
9.932022e+002;6.265608e-002
9.951307e+002;6.005463e-002
9.970593e+002;5.749166e-002
9.989879e+002;5.594629e-002
1.000916e+003;5.495223e-002
1.002845e+003;5.414384e-002
1.004773e+003;5.353184e-002
1.006702e+003;5.339224e-002
1.008631e+003;5.370454e-002
1.010559e+003;5.435952e-002
1.012488e+003;5.484316e-002
1.014416e+003;5.513931e-002
1.016345e+003;5.560303e-002
1.018273e+003;5.554395e-002
1.020202e+003;5.538436e-002
1.022130e+003;5.593656e-002
1.024059e+003;5.693038e-002
1.025988e+003;5.861983e-002
1.027916e+003;6.096699e-002
1.029845e+003;6.347889e-002
1.031773e+003;6.662640e-002
1.033702e+003;6.965175e-002
1.035630e+003;7.194561e-002
1.037559e+003;7.440657e-002
1.039487e+003;7.774360e-002
1.041416e+003;8.257745e-002
1.043344e+003;8.685274e-002
1.045273e+003;8.825268e-002
1.047202e+003;8.615140e-002
1.049130e+003;8.089911e-002
1.051059e+003;7.479376e-002
1.052987e+003;7.023046e-002
1.054916e+003;6.724752e-002
1.056844e+003;6.564412e-002
1.058773e+003;6.513534e-002
1.060701e+003;6.550721e-002
1.062630e+003;6.672341e-002
1.064558e+003;6.779964e-002
1.066487e+003;6.854798e-002
1.068416e+003;6.969558e-002
1.070344e+003;7.050378e-002
1.072273e+003;7.057620e-002
1.074201e+003;7.082922e-002
1.076130e+003;7.062642e-002
1.078058e+003;7.010090e-002
1.079987e+003;6.980079e-002
1.081915e+003;6.943603e-002
1.083844e+003;6.907127e-002
1.085773e+003;6.844839e-002
1.087701e+003;6.790381e-002
1.089630e+003;6.812442e-002
1.091558e+003;6.879310e-002
1.093487e+003;6.908917e-002
1.095415e+003;6.957702e-002
1.097344e+003;7.096525e-002
1.099272e+003;7.273748e-002
1.101201e+003;7.441491e-002
1.103129e+003;7.593551e-002
1.105058e+003;7.736059e-002
1.106987e+003;7.896837e-002
1.108915e+003;8.006988e-002
1.110844e+003;8.050801e-002
1.112772e+003;8.076245e-002
1.114701e+003;8.115762e-002
1.116629e+003;8.141161e-002
1.118558e+003;8.125186e-002
1.120486e+003;8.020182e-002
1.122415e+003;7.809743e-002
1.124344e+003;7.537559e-002
1.126272e+003;7.201671e-002
1.128201e+003;6.880696e-002
1.130129e+003;6.606944e-002
1.132058e+003;6.422653e-002
1.133986e+003;6.357078e-002
1.135915e+003;6.414144e-002
1.137843e+003;6.605196e-002
1.139772e+003;6.864491e-002
1.141700e+003;7.125387e-002
1.143629e+003;7.336007e-002
1.145557e+003;7.516808e-002
1.147486e+003;7.779230e-002
1.149415e+003;8.136345e-002
1.151343e+003;8.496768e-002
1.153272e+003;8.763596e-002
1.155200e+003;8.980227e-002
1.157129e+003;9.249309e-002
1.159057e+003;9.638619e-002
1.160986e+003;1.016501e-001
1.162914e+003;1.075783e-001
1.164843e+003;1.134048e-001
1.166771e+003;1.177566e-001
1.168700e+003;1.196450e-001
1.170629e+003;1.192471e-001
1.172557e+003;1.167762e-001
1.174486e+003;1.137260e-001
1.176414e+003;1.106114e-001
1.178343e+003;1.079221e-001
1.180271e+003;1.065326e-001
1.182200e+003;1.068926e-001
1.184128e+003;1.085245e-001
1.186057e+003;1.109634e-001
1.187986e+003;1.140308e-001
1.189914e+003;1.175262e-001
1.191843e+003;1.209483e-001
1.193771e+003;1.238943e-001
1.195700e+003;1.267347e-001
1.197628e+003;1.293085e-001
1.199557e+003;1.301870e-001
1.201485e+003;1.282544e-001
1.203414e+003;1.249570e-001
1.205343e+003;1.225572e-001
1.207271e+003;1.209294e-001
1.209200e+003;1.194359e-001
1.211128e+003;1.182464e-001
1.213057e+003;1.172301e-001
1.214985e+003;1.154057e-001
1.216914e+003;1.132321e-001
1.218842e+003;1.114291e-001
1.220771e+003;1.101916e-001
1.222699e+003;1.106140e-001
1.224628e+003;1.124960e-001
1.226557e+003;1.150309e-001
1.228485e+003;1.181031e-001
1.230414e+003;1.210226e-001
1.232342e+003;1.235676e-001
1.234271e+003;1.259178e-001
1.236199e+003;1.276255e-001
1.238128e+003;1.280239e-001
1.240056e+003;1.272262e-001
1.241985e+003;1.261567e-001
1.243913e+003;1.255241e-001
1.245842e+003;1.255700e-001
1.247771e+003;1.260701e-001
1.249699e+003;1.272350e-001
1.251628e+003;1.290553e-001
1.253556e+003;1.312276e-001
1.255485e+003;1.335742e-001
1.257413e+003;1.357433e-001
1.259342e+003;1.369713e-001
1.261270e+003;1.369330e-001
1.263199e+003;1.352769e-001
1.265127e+003;1.319528e-001
1.267056e+003;1.276289e-001
1.268985e+003;1.233155e-001
1.270913e+003;1.202695e-001
1.272842e+003;1.188577e-001
1.274770e+003;1.185433e-001
1.276699e+003;1.191062e-001
1.278627e+003;1.199872e-001
1.280556e+003;1.204299e-001
1.282484e+003;1.199330e-001
1.284413e+003;1.188849e-001
1.286342e+003;1.177287e-001
1.288270e+003;1.169239e-001
1.290199e+003;1.170652e-001
1.292127e+003;1.175799e-001
1.294056e+003;1.176487e-001
1.295984e+003;1.175822e-001
1.297913e+003;1.173223e-001
1.299841e+003;1.165984e-001
1.301770e+003;1.154318e-001
1.303698e+003;1.139759e-001
1.305627e+003;1.124817e-001
1.307556e+003;1.110021e-001
1.309484e+003;1.099906e-001
1.311413e+003;1.097790e-001
1.313341e+003;1.102832e-001
1.315270e+003;1.112429e-001
1.317198e+003;1.123961e-001
1.319127e+003;1.137135e-001
1.321055e+003;1.149817e-001
1.322984e+003;1.159920e-001
1.324912e+003;1.169693e-001
1.326841e+003;1.178748e-001
1.328770e+003;1.179544e-001
1.330698e+003;1.173433e-001
1.332627e+003;1.166040e-001
1.334555e+003;1.151745e-001
1.336484e+003;1.130935e-001
1.338412e+003;1.111504e-001
1.340341e+003;1.094560e-001
1.342269e+003;1.080295e-001
1.344198e+003;1.072454e-001
1.346126e+003;1.071381e-001
1.348055e+003;1.074388e-001
1.349984e+003;1.076849e-001
1.351912e+003;1.078511e-001
1.353841e+003;1.082486e-001
1.355769e+003;1.087905e-001
1.357698e+003;1.098026e-001
1.359626e+003;1.112119e-001
1.361555e+003;1.126783e-001
1.363483e+003;1.140556e-001
1.365412e+003;1.154488e-001
1.367341e+003;1.168484e-001
1.369269e+003;1.182755e-001
1.371198e+003;1.193142e-001
1.373126e+003;1.194853e-001
1.375055e+003;1.187259e-001
1.376983e+003;1.170536e-001
1.378912e+003;1.146426e-001
1.380840e+003;1.120163e-001
1.382769e+003;1.093448e-001
1.384698e+003;1.068382e-001
1.386626e+003;1.040948e-001
1.388555e+003;1.012282e-001
1.390483e+003;9.891248e-002
1.392412e+003;9.736941e-002
1.394340e+003;9.665512e-002
1.396269e+003;9.660818e-002
1.398197e+003;9.746010e-002
1.400126e+003;9.948432e-002
1.402054e+003;1.021273e-001
1.403983e+003;1.050811e-001
1.405911e+003;1.087390e-001
1.407840e+003;1.136535e-001
1.409769e+003;1.196443e-001
1.411697e+003;1.256894e-001
1.413626e+003;1.312176e-001
1.415554e+003;1.352501e-001
1.417483e+003;1.365913e-001
1.419411e+003;1.354528e-001
1.421340e+003;1.330278e-001
1.423268e+003;1.303115e-001
1.425197e+003;1.283746e-001
1.427125e+003;1.280144e-001
1.429054e+003;1.290987e-001
1.430983e+003;1.315845e-001
1.432911e+003;1.340421e-001
1.434840e+003;1.350522e-001
1.436768e+003;1.350822e-001
1.438697e+003;1.345407e-001
1.440625e+003;1.336308e-001
1.442554e+003;1.322635e-001
1.444482e+003;1.309237e-001
1.446411e+003;1.306217e-001
1.448340e+003;1.314538e-001
1.450268e+003;1.332906e-001
1.452197e+003;1.361929e-001
1.454125e+003;1.398730e-001
1.456054e+003;1.440332e-001
1.457982e+003;1.482392e-001
1.459911e+003;1.513545e-001
1.461839e+003;1.522900e-001
1.463768e+003;1.503797e-001
1.465697e+003;1.453393e-001
1.467625e+003;1.388858e-001
1.469554e+003;1.334682e-001
1.471482e+003;1.305285e-001
1.473411e+003;1.298022e-001
1.475339e+003;1.296821e-001
1.477268e+003;1.284055e-001
1.479196e+003;1.254550e-001
1.481125e+003;1.212088e-001
1.483053e+003;1.165681e-001
1.484982e+003;1.124368e-001
1.486911e+003;1.096257e-001
1.488839e+003;1.087142e-001
1.490768e+003;1.096789e-001
1.492696e+003;1.120187e-001
1.494625e+003;1.155871e-001
1.496553e+003;1.200616e-001
1.498482e+003;1.246811e-001
1.500410e+003;1.291223e-001
1.502339e+003;1.336478e-001
1.504267e+003;1.384006e-001
1.506196e+003;1.434311e-001
1.508125e+003;1.487832e-001
1.510053e+003;1.543863e-001
1.511982e+003;1.601242e-001
1.513910e+003;1.662358e-001
1.515839e+003;1.723358e-001
1.517767e+003;1.780933e-001
1.519696e+003;1.838357e-001
1.521624e+003;1.900827e-001
1.523553e+003;1.965892e-001
1.525481e+003;2.029537e-001
1.527410e+003;2.092818e-001
1.529339e+003;2.157250e-001
1.531267e+003;2.220095e-001
1.533196e+003;2.273846e-001
1.535124e+003;2.312481e-001
1.537053e+003;2.338290e-001
1.538981e+003;2.347044e-001
1.540910e+003;2.334880e-001
1.542838e+003;2.304771e-001
1.544767e+003;2.257232e-001
1.546695e+003;2.193160e-001
1.548624e+003;2.120697e-001
1.550553e+003;2.041698e-001
1.552481e+003;1.960457e-001
1.554410e+003;1.881012e-001
1.556338e+003;1.805007e-001
1.558267e+003;1.726721e-001
1.560195e+003;1.649528e-001
1.562124e+003;1.579724e-001
1.564052e+003;1.511289e-001
1.565981e+003;1.446915e-001
1.567910e+003;1.387874e-001
1.569838e+003;1.331287e-001
1.571767e+003;1.282721e-001
1.573695e+003;1.240650e-001
1.575624e+003;1.201445e-001
1.577552e+003;1.169206e-001
1.579481e+003;1.148860e-001
1.581409e+003;1.134725e-001
1.583338e+003;1.127434e-001
1.585266e+003;1.125310e-001
1.587195e+003;1.127624e-001
1.589124e+003;1.132969e-001
1.591052e+003;1.141297e-001
1.592981e+003;1.152965e-001
1.594909e+003;1.167713e-001
1.596838e+003;1.189957e-001
1.598766e+003;1.223173e-001
1.600695e+003;1.266555e-001
1.602623e+003;1.319604e-001
1.604552e+003;1.384433e-001
1.606480e+003;1.458436e-001
1.608409e+003;1.537291e-001
1.610338e+003;1.617144e-001
1.612266e+003;1.700705e-001
1.614195e+003;1.792404e-001
1.616123e+003;1.892835e-001
1.618052e+003;2.001160e-001
1.619980e+003;2.112990e-001
1.621909e+003;2.225257e-001
1.623837e+003;2.332975e-001
1.625766e+003;2.436148e-001
1.627694e+003;2.538222e-001
1.629623e+003;2.637539e-001
1.631552e+003;2.727051e-001
1.633480e+003;2.793204e-001
1.635409e+003;2.817184e-001
1.637337e+003;2.786437e-001
1.639266e+003;2.707364e-001
1.641194e+003;2.589164e-001
1.643123e+003;2.446669e-001
1.645051e+003;2.299004e-001
1.646980e+003;2.155374e-001
1.648909e+003;2.025783e-001
1.650837e+003;1.912773e-001
1.652766e+003;1.812445e-001
1.654694e+003;1.726760e-001
1.656623e+003;1.650456e-001
1.658551e+003;1.575446e-001
1.660480e+003;1.502416e-001
1.662408e+003;1.429082e-001
1.664337e+003;1.360715e-001
1.666266e+003;1.293085e-001
1.668194e+003;1.220633e-001
1.670123e+003;1.150957e-001
1.672051e+003;1.092485e-001
1.673980e+003;1.034456e-001
1.675908e+003;9.730735e-002
1.677837e+003;9.105422e-002
1.679765e+003;8.462221e-002
1.681694e+003;7.829452e-002
1.683622e+003;7.239053e-002
1.685551e+003;6.688745e-002
1.687479e+003;6.228041e-002
1.689408e+003;5.841620e-002
1.691337e+003;5.530152e-002
1.693265e+003;5.274179e-002
1.695194e+003;5.048287e-002
1.697122e+003;4.863757e-002
1.699051e+003;4.722837e-002
1.700979e+003;4.613000e-002
1.702908e+003;4.548525e-002
1.704836e+003;4.483396e-002
1.706765e+003;4.402620e-002
1.708693e+003;4.334439e-002
1.710622e+003;4.288827e-002
1.712551e+003;4.251838e-002
1.714479e+003;4.245878e-002
1.716408e+003;4.239689e-002
1.718336e+003;4.189673e-002
1.720265e+003;4.155076e-002
1.722193e+003;4.134791e-002
1.724122e+003;4.107073e-002
1.726050e+003;4.071443e-002
1.727979e+003;4.037268e-002
1.729908e+003;4.002875e-002
1.731836e+003;3.936731e-002
1.733765e+003;3.860400e-002
1.735693e+003;3.794916e-002
1.737622e+003;3.735135e-002
1.739550e+003;3.667003e-002
1.741479e+003;3.587761e-002
1.743407e+003;3.498848e-002
1.745336e+003;3.423627e-002
1.747265e+003;3.348986e-002
1.749193e+003;3.266551e-002
1.751122e+003;3.175012e-002
1.753050e+003;3.104570e-002
1.754979e+003;3.045173e-002
1.756907e+003;2.959388e-002
1.758836e+003;2.870480e-002
1.760764e+003;2.802300e-002
1.762693e+003;2.736732e-002
1.764621e+003;2.671690e-002
1.766550e+003;2.587444e-002
1.768479e+003;2.520223e-002
1.770407e+003;2.488920e-002
1.772336e+003;2.450673e-002
1.774264e+003;2.410358e-002
1.776193e+003;2.371802e-002
1.778121e+003;2.340840e-002
1.780050e+003;2.292777e-002
1.781978e+003;2.236098e-002
1.783907e+003;2.184430e-002
1.785835e+003;2.149242e-002
1.787764e+003;2.129656e-002
1.789693e+003;2.106308e-002
1.791621e+003;2.079681e-002
1.793550e+003;2.052984e-002
1.795478e+003;2.036289e-002
1.797407e+003;2.023842e-002
1.799335e+003;2.005544e-002
1.801264e+003;1.984698e-002
1.803192e+003;1.955757e-002
1.805121e+003;1.918998e-002
1.807049e+003;1.894414e-002
1.808978e+003;1.883751e-002
1.810907e+003;1.875728e-002
1.812835e+003;1.866571e-002
1.814764e+003;1.860511e-002
1.816692e+003;1.836468e-002
1.818621e+003;1.807688e-002
1.820549e+003;1.806949e-002
1.822478e+003;1.801803e-002
1.824406e+003;1.790137e-002
1.826335e+003;1.765826e-002
1.828264e+003;1.755002e-002
1.830192e+003;1.754933e-002
1.832121e+003;1.754350e-002
1.834049e+003;1.755706e-002
1.835978e+003;1.730765e-002
1.837906e+003;1.705863e-002
1.839835e+003;1.702121e-002
1.841763e+003;1.680779e-002
1.843692e+003;1.661475e-002
1.845620e+003;1.674776e-002
1.847549e+003;1.657572e-002
1.849478e+003;1.641729e-002
1.851406e+003;1.634989e-002
1.853335e+003;1.612934e-002
1.855263e+003;1.613230e-002
1.857192e+003;1.608749e-002
1.859120e+003;1.599563e-002
1.861049e+003;1.615489e-002
1.862977e+003;1.618866e-002
1.864906e+003;1.597325e-002
1.866834e+003;1.575320e-002
1.868763e+003;1.590333e-002
1.870692e+003;1.608598e-002
1.872620e+003;1.599453e-002
1.874549e+003;1.575512e-002
1.876477e+003;1.557900e-002
1.878406e+003;1.539458e-002
1.880334e+003;1.524167e-002
1.882263e+003;1.529524e-002
1.884191e+003;1.527904e-002
1.886120e+003;1.519754e-002
1.888048e+003;1.534865e-002
1.889977e+003;1.546575e-002
1.891906e+003;1.550112e-002
1.893834e+003;1.547059e-002
1.895763e+003;1.532342e-002
1.897691e+003;1.539561e-002
1.899620e+003;1.536015e-002
1.901548e+003;1.529184e-002
1.903477e+003;1.523628e-002
1.905405e+003;1.509588e-002
1.907334e+003;1.503108e-002
1.909262e+003;1.503053e-002
1.911191e+003;1.501599e-002
1.913120e+003;1.473283e-002
1.915048e+003;1.444955e-002
1.916977e+003;1.451098e-002
1.918905e+003;1.472399e-002
1.920834e+003;1.471491e-002
1.922762e+003;1.473784e-002
1.924691e+003;1.467583e-002
1.926619e+003;1.455531e-002
1.928548e+003;1.460835e-002
1.930477e+003;1.455511e-002
1.932405e+003;1.437869e-002
1.934334e+003;1.439975e-002
1.936262e+003;1.453280e-002
1.938191e+003;1.452287e-002
1.940119e+003;1.430601e-002
1.942048e+003;1.408965e-002
1.943976e+003;1.407668e-002
1.945905e+003;1.420689e-002
1.947833e+003;1.428677e-002
1.949762e+003;1.418837e-002
1.951691e+003;1.412377e-002
1.953619e+003;1.420706e-002
1.955548e+003;1.407380e-002
1.957476e+003;1.408113e-002
1.959405e+003;1.430622e-002
1.961333e+003;1.439588e-002
1.963262e+003;1.437947e-002
1.965190e+003;1.418145e-002
1.967119e+003;1.416543e-002
1.969047e+003;1.435820e-002
1.970976e+003;1.430283e-002
1.972905e+003;1.416221e-002
1.974833e+003;1.417601e-002
1.976762e+003;1.410752e-002
1.978690e+003;1.403834e-002
1.980619e+003;1.403465e-002
1.982547e+003;1.403102e-002
1.984476e+003;1.414773e-002
1.986404e+003;1.429944e-002
1.988333e+003;1.441544e-002
1.990261e+003;1.429379e-002
1.992190e+003;1.415893e-002
1.994119e+003;1.417868e-002
1.996047e+003;1.419508e-002
1.997976e+003;1.441074e-002
1.999904e+003;1.460404e-002
2.001833e+003;1.453458e-002
2.003761e+003;1.436824e-002
2.005690e+003;1.445507e-002
2.007618e+003;1.455857e-002
2.009547e+003;1.448665e-002
2.011476e+003;1.463430e-002
2.013404e+003;1.481915e-002
2.015333e+003;1.473914e-002
2.017261e+003;1.467926e-002
2.019190e+003;1.473019e-002
2.021118e+003;1.482947e-002
2.023047e+003;1.475278e-002
2.024975e+003;1.455565e-002
2.026904e+003;1.463947e-002
2.028833e+003;1.497236e-002
2.030761e+003;1.524788e-002
2.032690e+003;1.527897e-002
2.034618e+003;1.522520e-002
2.036547e+003;1.518361e-002
2.038475e+003;1.520159e-002
2.040404e+003;1.548948e-002
2.042332e+003;1.554054e-002
2.044261e+003;1.521802e-002
2.046189e+003;1.501746e-002
2.048118e+003;1.528484e-002
2.050047e+003;1.552636e-002
2.051975e+003;1.562132e-002
2.053904e+003;1.579041e-002
2.055832e+003;1.575911e-002
2.057761e+003;1.552467e-002
2.059689e+003;1.535212e-002
2.061618e+003;1.539932e-002
2.063546e+003;1.554445e-002
2.065475e+003;1.554312e-002
2.067404e+003;1.555362e-002
2.069332e+003;1.553007e-002
2.071260e+003;1.540790e-002
2.073189e+003;1.540333e-002
2.075118e+003;1.532503e-002
2.077046e+003;1.529843e-002
2.078975e+003;1.533918e-002
2.080903e+003;1.513413e-002
2.082832e+003;1.511972e-002
2.084760e+003;1.515660e-002
2.086689e+003;1.520883e-002
2.088617e+003;1.522252e-002
2.090546e+003;1.510929e-002
2.092475e+003;1.497377e-002
2.094403e+003;1.485453e-002
2.096332e+003;1.498927e-002
2.098260e+003;1.515767e-002
2.100189e+003;1.511217e-002
2.102117e+003;1.501269e-002
2.104046e+003;1.486684e-002
2.105974e+003;1.481874e-002
2.107903e+003;1.488790e-002
2.109832e+003;1.501859e-002
2.111760e+003;1.494352e-002
2.113688e+003;1.506243e-002
2.115617e+003;1.515358e-002
2.117546e+003;1.501269e-002
2.119474e+003;1.499421e-002
2.121403e+003;1.515787e-002
2.123331e+003;1.540498e-002
2.125260e+003;1.559216e-002
2.127188e+003;1.555290e-002
2.129117e+003;1.535926e-002
2.131045e+003;1.529504e-002
2.132974e+003;1.550393e-002
2.134903e+003;1.559951e-002
2.136831e+003;1.548992e-002
2.138760e+003;1.540570e-002
2.140688e+003;1.528999e-002
2.142617e+003;1.526096e-002
2.144545e+003;1.529816e-002
2.146474e+003;1.539424e-002
2.148402e+003;1.560895e-002
2.150331e+003;1.558412e-002
2.152260e+003;1.562053e-002
2.154188e+003;1.592722e-002
2.156117e+003;1.588732e-002
2.158045e+003;1.575663e-002
2.159974e+003;1.594482e-002
2.161902e+003;1.610960e-002
2.163831e+003;1.619551e-002
2.165759e+003;1.611294e-002
2.167688e+003;1.603499e-002
2.169616e+003;1.613622e-002
2.171545e+003;1.619028e-002
2.173474e+003;1.626275e-002
2.175402e+003;1.636104e-002
2.177331e+003;1.637649e-002
2.179259e+003;1.628463e-002
2.181188e+003;1.631008e-002
2.183116e+003;1.638574e-002
2.185045e+003;1.639741e-002
2.186973e+003;1.634703e-002
2.188902e+003;1.636899e-002
2.190831e+003;1.638065e-002
2.192759e+003;1.633283e-002
2.194688e+003;1.633685e-002
2.196616e+003;1.623582e-002
2.198545e+003;1.620555e-002
2.200473e+003;1.631304e-002
2.202402e+003;1.631177e-002
2.204330e+003;1.635306e-002
2.206259e+003;1.627193e-002
2.208188e+003;1.599301e-002
2.210116e+003;1.591244e-002
2.212044e+003;1.588996e-002
2.213973e+003;1.585759e-002
2.215902e+003;1.581395e-002
2.217830e+003;1.575560e-002
2.219759e+003;1.580415e-002
2.221687e+003;1.602062e-002
2.223616e+003;1.610513e-002
2.225544e+003;1.604362e-002
2.227473e+003;1.593331e-002
2.229401e+003;1.583773e-002
2.231330e+003;1.566391e-002
2.233259e+003;1.545342e-002
2.235187e+003;1.557471e-002
2.237116e+003;1.575725e-002
2.239044e+003;1.570719e-002
2.240973e+003;1.558769e-002
2.242901e+003;1.557210e-002
2.244830e+003;1.560212e-002
2.246758e+003;1.573805e-002
2.248687e+003;1.594128e-002
2.250615e+003;1.602818e-002
2.252544e+003;1.591443e-002
2.254473e+003;1.597105e-002
2.256401e+003;1.614647e-002
2.258330e+003;1.616878e-002
2.260258e+003;1.619028e-002
2.262187e+003;1.629147e-002
2.264115e+003;1.634707e-002
2.266044e+003;1.622894e-002
2.267972e+003;1.625188e-002
2.269901e+003;1.641540e-002
2.271830e+003;1.627617e-002
2.273758e+003;1.633300e-002
2.275687e+003;1.669208e-002
2.277615e+003;1.667766e-002
2.279544e+003;1.652818e-002
2.281472e+003;1.645370e-002
2.283401e+003;1.655303e-002
2.285329e+003;1.685232e-002
2.287258e+003;1.698165e-002
2.289187e+003;1.709747e-002
2.291115e+003;1.706470e-002
2.293043e+003;1.697321e-002
2.294972e+003;1.702955e-002
2.296901e+003;1.719271e-002
2.298829e+003;1.719033e-002
2.300758e+003;1.698227e-002
2.302686e+003;1.689680e-002
2.304615e+003;1.702410e-002
2.306543e+003;1.712897e-002
2.308472e+003;1.718660e-002
2.310400e+003;1.716030e-002
2.312329e+003;1.712377e-002
2.314258e+003;1.711456e-002
2.316186e+003;1.714393e-002
2.318115e+003;1.715275e-002
2.320043e+003;1.696604e-002
2.321972e+003;1.677380e-002
2.323900e+003;1.679336e-002
2.325829e+003;1.680755e-002
2.327757e+003;1.660019e-002
2.329686e+003;1.641203e-002
2.331615e+003;1.635436e-002
2.333543e+003;1.638526e-002
2.335472e+003;1.642493e-002
2.337400e+003;1.639706e-002
2.339329e+003;1.624579e-002
2.341257e+003;1.627950e-002
2.343186e+003;1.647631e-002
2.345114e+003;1.683376e-002
2.347043e+003;1.715227e-002
2.348971e+003;1.715224e-002
2.350900e+003;1.661785e-002
2.352829e+003;1.627720e-002
2.354757e+003;1.625563e-002
2.356686e+003;1.621914e-002
2.358614e+003;1.628786e-002
2.360543e+003;1.633623e-002
2.362471e+003;1.627352e-002
2.364400e+003;1.626918e-002
2.366328e+003;1.647827e-002
2.368257e+003;1.673430e-002
2.370186e+003;1.687165e-002
2.372114e+003;1.697645e-002
2.374042e+003;1.732969e-002
2.375971e+003;1.765143e-002
2.377900e+003;1.789765e-002
2.379828e+003;1.804504e-002
2.381757e+003;1.819217e-002
2.383685e+003;1.833309e-002
2.385614e+003;1.821525e-002
2.387542e+003;1.811923e-002
2.389471e+003;1.810386e-002
2.391399e+003;1.806362e-002
2.393328e+003;1.818588e-002
2.395257e+003;1.836568e-002
2.397185e+003;1.842708e-002
2.399114e+003;1.832148e-002
2.401042e+003;1.837032e-002
2.402971e+003;1.850639e-002
2.404899e+003;1.856887e-002
2.406828e+003;1.851963e-002
2.408756e+003;1.857703e-002
2.410685e+003;1.856009e-002
2.412614e+003;1.848512e-002
2.414542e+003;1.878547e-002
2.416471e+003;1.901312e-002
2.418399e+003;1.897910e-002
2.420328e+003;1.897235e-002
2.422256e+003;1.905917e-002
2.424185e+003;1.933677e-002
2.426113e+003;1.930840e-002
2.428042e+003;1.917540e-002
2.429970e+003;1.925447e-002
2.431899e+003;1.938358e-002
2.433828e+003;1.948278e-002
2.435756e+003;1.949838e-002
2.437685e+003;1.967613e-002
2.439613e+003;2.006766e-002
2.441542e+003;2.031768e-002
2.443470e+003;2.025470e-002
2.445399e+003;2.012585e-002
2.447327e+003;1.998861e-002
2.449256e+003;1.998417e-002
2.451185e+003;1.994344e-002
2.453113e+003;2.021485e-002
2.455042e+003;2.045599e-002
2.456970e+003;2.047868e-002
2.458899e+003;2.061134e-002
2.460827e+003;2.078555e-002
2.462756e+003;2.089714e-002
2.464684e+003;2.109160e-002
2.466613e+003;2.105223e-002
2.468542e+003;2.103957e-002
2.470470e+003;2.113307e-002
2.472398e+003;2.104625e-002
2.474327e+003;2.130508e-002
2.476256e+003;2.137312e-002
2.478184e+003;2.138816e-002
2.480113e+003;2.144546e-002
2.482041e+003;2.147428e-002
2.483970e+003;2.141792e-002
2.485898e+003;2.107860e-002
2.487827e+003;2.091925e-002
2.489755e+003;2.123918e-002
2.491684e+003;2.164838e-002
2.493613e+003;2.153002e-002
2.495541e+003;2.140000e-002
2.497470e+003;2.144727e-002
2.499398e+003;2.140344e-002
2.501327e+003;2.131994e-002
2.503255e+003;2.172156e-002
2.505184e+003;2.212090e-002
2.507112e+003;2.212631e-002
2.509041e+003;2.223692e-002
2.510969e+003;2.235463e-002
2.512898e+003;2.237155e-002
2.514827e+003;2.230817e-002
2.516755e+003;2.249314e-002
2.518684e+003;2.283822e-002
2.520612e+003;2.322062e-002
2.522541e+003;2.361148e-002
2.524469e+003;2.366172e-002
2.526398e+003;2.374595e-002
2.528326e+003;2.395790e-002
2.530255e+003;2.387437e-002
2.532184e+003;2.392093e-002
2.534112e+003;2.397958e-002
2.536041e+003;2.428011e-002
2.537969e+003;2.467486e-002
2.539898e+003;2.490576e-002
2.541826e+003;2.506317e-002
2.543755e+003;2.524061e-002
2.545683e+003;2.545562e-002
2.547612e+003;2.543120e-002
2.549541e+003;2.558149e-002
2.551469e+003;2.564029e-002
2.553397e+003;2.553805e-002
2.555326e+003;2.561491e-002
2.557255e+003;2.583576e-002
2.559183e+003;2.584835e-002
2.561112e+003;2.586421e-002
2.563040e+003;2.594665e-002
2.564969e+003;2.579993e-002
2.566897e+003;2.586547e-002
2.568826e+003;2.604743e-002
2.570754e+003;2.624503e-002
2.572683e+003;2.637014e-002
2.574612e+003;2.651113e-002
2.576540e+003;2.680810e-002
2.578469e+003;2.704807e-002
2.580397e+003;2.708556e-002
2.582326e+003;2.708210e-002
2.584254e+003;2.729912e-002
2.586183e+003;2.750437e-002
2.588111e+003;2.744461e-002
2.590040e+003;2.742887e-002
2.591969e+003;2.757901e-002
2.593897e+003;2.774039e-002
2.595826e+003;2.810465e-002
2.597754e+003;2.824992e-002
2.599683e+003;2.818748e-002
2.601611e+003;2.833600e-002
2.603540e+003;2.832949e-002
2.605468e+003;2.827609e-002
2.607397e+003;2.842669e-002
2.609325e+003;2.843858e-002
2.611254e+003;2.837625e-002
2.613183e+003;2.878969e-002
2.615111e+003;2.921752e-002
2.617040e+003;2.938249e-002
2.618968e+003;2.946113e-002
2.620897e+003;2.952915e-002
2.622825e+003;2.967135e-002
2.624754e+003;2.973493e-002
2.626682e+003;2.968004e-002
2.628611e+003;2.989665e-002
2.630540e+003;3.007491e-002
2.632468e+003;2.994944e-002
2.634396e+003;2.995469e-002
2.636325e+003;3.014434e-002
2.638254e+003;3.025985e-002
2.640182e+003;3.030643e-002
2.642111e+003;3.036214e-002
2.644039e+003;3.028212e-002
2.645968e+003;3.034398e-002
2.647896e+003;3.067736e-002
2.649825e+003;3.086039e-002
2.651753e+003;3.116708e-002
2.653682e+003;3.164565e-002
2.655611e+003;3.145036e-002
2.657539e+003;3.109720e-002
2.659468e+003;3.104275e-002
2.661396e+003;3.142193e-002
2.663325e+003;3.172556e-002
2.665253e+003;3.180688e-002
2.667182e+003;3.184702e-002
2.669110e+003;3.204224e-002
2.671039e+003;3.233531e-002
2.672968e+003;3.248861e-002
2.674896e+003;3.251646e-002
2.676825e+003;3.247925e-002
2.678753e+003;3.277855e-002
2.680682e+003;3.340008e-002
2.682610e+003;3.344398e-002
2.684539e+003;3.331174e-002
2.686467e+003;3.328316e-002
2.688396e+003;3.344825e-002
2.690324e+003;3.410901e-002
2.692253e+003;3.451539e-002
2.694182e+003;3.480012e-002
2.696110e+003;3.526449e-002
2.698039e+003;3.539708e-002
2.699967e+003;3.542315e-002
2.701896e+003;3.568825e-002
2.703824e+003;3.601133e-002
2.705753e+003;3.632347e-002
2.707681e+003;3.656404e-002
2.709610e+003;3.679980e-002
2.711539e+003;3.713121e-002
2.713467e+003;3.758327e-002
2.715396e+003;3.775651e-002
2.717324e+003;3.777697e-002
2.719253e+003;3.804510e-002
2.721181e+003;3.862935e-002
2.723110e+003;3.911202e-002
2.725038e+003;3.942895e-002
2.726967e+003;3.991338e-002
2.728896e+003;4.042188e-002
2.730824e+003;4.046777e-002
2.732752e+003;4.075858e-002
2.734681e+003;4.138071e-002
2.736610e+003;4.164729e-002
2.738538e+003;4.195468e-002
2.740467e+003;4.238268e-002
2.742395e+003;4.250975e-002
2.744324e+003;4.259819e-002
2.746252e+003;4.274569e-002
2.748181e+003;4.293541e-002
2.750109e+003;4.310370e-002
2.752038e+003;4.315533e-002
2.753967e+003;4.344230e-002
2.755895e+003;4.363529e-002
2.757824e+003;4.399154e-002
2.759752e+003;4.449181e-002
2.761681e+003;4.452804e-002
2.763609e+003;4.435840e-002
2.765538e+003;4.446784e-002
2.767466e+003;4.470606e-002
2.769395e+003;4.491747e-002
2.771323e+003;4.513980e-002
2.773252e+003;4.540373e-002
2.775181e+003;4.588467e-002
2.777109e+003;4.642779e-002
2.779038e+003;4.667517e-002
2.780966e+003;4.703702e-002
2.782895e+003;4.765657e-002
2.784823e+003;4.815542e-002
2.786752e+003;4.852444e-002
2.788680e+003;4.913242e-002
2.790609e+003;4.933587e-002
2.792538e+003;4.934002e-002
2.794466e+003;4.998964e-002
2.796395e+003;5.059767e-002
2.798323e+003;5.105999e-002
2.800252e+003;5.171024e-002
2.802180e+003;5.250185e-002
2.804109e+003;5.317221e-002
2.806037e+003;5.379518e-002
2.807966e+003;5.478858e-002
2.809895e+003;5.575185e-002
2.811823e+003;5.661326e-002
2.813751e+003;5.724879e-002
2.815680e+003;5.794143e-002
2.817609e+003;5.881543e-002
2.819537e+003;5.964414e-002
2.821466e+003;6.031001e-002
2.823394e+003;6.099749e-002
2.825323e+003;6.183324e-002
2.827251e+003;6.281802e-002
2.829180e+003;6.396892e-002
2.831108e+003;6.509461e-002
2.833037e+003;6.630027e-002
2.834966e+003;6.791605e-002
2.836894e+003;6.998570e-002
2.838823e+003;7.251228e-002
2.840751e+003;7.557648e-002
2.842680e+003;7.919352e-002
2.844608e+003;8.316307e-002
2.846537e+003;8.721784e-002
2.848465e+003;9.141219e-002
2.850394e+003;9.524293e-002
2.852323e+003;9.851056e-002
2.854251e+003;1.012251e-001
2.856180e+003;1.035735e-001
2.858108e+003;1.055363e-001
2.860037e+003;1.066857e-001
2.861965e+003;1.071487e-001
2.863894e+003;1.070951e-001
2.865822e+003;1.062680e-001
2.867751e+003;1.050364e-001
2.869679e+003;1.034039e-001
2.871608e+003;1.013530e-001
2.873536e+003;9.899504e-002
2.875465e+003;9.665673e-002
2.877394e+003;9.435817e-002
2.879322e+003;9.273369e-002
2.881251e+003;9.145874e-002
2.883179e+003;9.031571e-002
2.885108e+003;8.968848e-002
2.887036e+003;8.939248e-002
2.888965e+003;8.985858e-002
2.890893e+003;9.167888e-002
2.892822e+003;9.348109e-002
2.894750e+003;9.471262e-002
2.896679e+003;9.619412e-002
2.898608e+003;9.806204e-002
2.900536e+003;9.952698e-002
2.902465e+003;1.002563e-001
2.904393e+003;1.008644e-001
2.906322e+003;1.022043e-001
2.908250e+003;1.040247e-001
2.910179e+003;1.059413e-001
2.912107e+003;1.077011e-001
2.914036e+003;1.094555e-001
2.915965e+003;1.118592e-001
2.917893e+003;1.144046e-001
2.919822e+003;1.166976e-001
2.921750e+003;1.190471e-001
2.923679e+003;1.215167e-001
2.925607e+003;1.239038e-001
2.927536e+003;1.263135e-001
2.929464e+003;1.285892e-001
2.931393e+003;1.302596e-001
2.933322e+003;1.313057e-001
2.935250e+003;1.316951e-001
2.937178e+003;1.311566e-001
2.939107e+003;1.300038e-001
2.941036e+003;1.276971e-001
2.942964e+003;1.244774e-001
2.944893e+003;1.212139e-001
2.946821e+003;1.177038e-001
2.948750e+003;1.134483e-001
2.950678e+003;1.086375e-001
2.952607e+003;1.035297e-001
2.954535e+003;9.835902e-002
2.956464e+003;9.340104e-002
2.958393e+003;8.908257e-002
2.960321e+003;8.538359e-002
2.962250e+003;8.228337e-002
2.964178e+003;7.923134e-002
2.966107e+003;7.644723e-002
2.968035e+003;7.402857e-002
2.969964e+003;7.208621e-002
2.971892e+003;7.018330e-002
2.973821e+003;6.787526e-002
2.975750e+003;6.557549e-002
2.977678e+003;6.381526e-002
2.979607e+003;6.232451e-002
2.981535e+003;6.067171e-002
2.983464e+003;5.903899e-002
2.985392e+003;5.796536e-002
2.987321e+003;5.688177e-002
2.989249e+003;5.557151e-002
2.991178e+003;5.456836e-002
2.993106e+003;5.385365e-002
2.995035e+003;5.341420e-002
2.996964e+003;5.311948e-002
2.998892e+003;5.268392e-002
3.000821e+003;5.208816e-002
3.002749e+003;5.189224e-002
3.004678e+003;5.186038e-002
3.006606e+003;5.177975e-002
3.008535e+003;5.192887e-002
3.010463e+003;5.214502e-002
3.012392e+003;5.202806e-002
3.014321e+003;5.217428e-002
3.016249e+003;5.264554e-002
3.018177e+003;5.277849e-002
3.020106e+003;5.298474e-002
3.022035e+003;5.336519e-002
3.023963e+003;5.389288e-002
3.025892e+003;5.444274e-002
3.027820e+003;5.506596e-002
3.029749e+003;5.597783e-002
3.031677e+003;5.667476e-002
3.033606e+003;5.707202e-002
3.035534e+003;5.771852e-002
3.037463e+003;5.842071e-002
3.039392e+003;5.927239e-002
3.041320e+003;6.008815e-002
3.043249e+003;6.066847e-002
3.045177e+003;6.153867e-002
3.047106e+003;6.263423e-002
3.049034e+003;6.361374e-002
3.050963e+003;6.408922e-002
3.052891e+003;6.453477e-002
3.054820e+003;6.550267e-002
3.056749e+003;6.664089e-002
3.058677e+003;6.738177e-002
3.060606e+003;6.821858e-002
3.062534e+003;6.891110e-002
3.064463e+003;6.920014e-002
3.066391e+003;6.948759e-002
3.068320e+003;6.958667e-002
3.070248e+003;6.949610e-002
3.072177e+003;6.949661e-002
3.074105e+003;6.940994e-002
3.076034e+003;6.954622e-002
3.077963e+003;6.978927e-002
3.079891e+003;6.941678e-002
3.081820e+003;6.884629e-002
3.083748e+003;6.880448e-002
3.085677e+003;6.886151e-002
3.087605e+003;6.850841e-002
3.089534e+003;6.779314e-002
3.091462e+003;6.714057e-002
3.093391e+003;6.659427e-002
3.095320e+003;6.599171e-002
3.097248e+003;6.545012e-002
3.099177e+003;6.509770e-002
3.101105e+003;6.456494e-002
3.103034e+003;6.354554e-002
3.104962e+003;6.305116e-002
3.106891e+003;6.256504e-002
3.108819e+003;6.169297e-002
3.110748e+003;6.103608e-002
3.112677e+003;6.063319e-002
3.114605e+003;6.014607e-002
3.116533e+003;5.961772e-002
3.118462e+003;5.905429e-002
3.120391e+003;5.828605e-002
3.122319e+003;5.773683e-002
3.124248e+003;5.728066e-002
3.126176e+003;5.688524e-002
3.128105e+003;5.677561e-002
3.130033e+003;5.662538e-002
3.131962e+003;5.614039e-002
3.133890e+003;5.599936e-002
3.135819e+003;5.599642e-002
3.137748e+003;5.608350e-002
3.139676e+003;5.632915e-002
3.141605e+003;5.629060e-002
3.143533e+003;5.650445e-002
3.145462e+003;5.681167e-002
3.147390e+003;5.694507e-002
3.149319e+003;5.718944e-002
3.151247e+003;5.742143e-002
3.153176e+003;5.732058e-002
3.155104e+003;5.734293e-002
3.157033e+003;5.819080e-002
3.158962e+003;5.913352e-002
3.160890e+003;5.977138e-002
3.162819e+003;6.040637e-002
3.164747e+003;6.116255e-002
3.166676e+003;6.157834e-002
3.168604e+003;6.169885e-002
3.170533e+003;6.195867e-002
3.172461e+003;6.270083e-002
3.174390e+003;6.368406e-002
3.176319e+003;6.410143e-002
3.178247e+003;6.395594e-002
3.180176e+003;6.443206e-002
3.182104e+003;6.555476e-002
3.184033e+003;6.628565e-002
3.185961e+003;6.666867e-002
3.187890e+003;6.770562e-002
3.189818e+003;6.868380e-002
3.191747e+003;6.893592e-002
3.193676e+003;6.927810e-002
3.195604e+003;6.941380e-002
3.197532e+003;6.958710e-002
3.199461e+003;7.009829e-002
3.201390e+003;7.048644e-002
3.203318e+003;7.091703e-002
3.205247e+003;7.140163e-002
3.207175e+003;7.167763e-002
3.209104e+003;7.209294e-002
3.211032e+003;7.264594e-002
3.212961e+003;7.315898e-002
3.214889e+003;7.363839e-002
3.216818e+003;7.393173e-002
3.218747e+003;7.461721e-002
3.220675e+003;7.537054e-002
3.222604e+003;7.568458e-002
3.224532e+003;7.626355e-002
3.226461e+003;7.754700e-002
3.228389e+003;7.849439e-002
3.230318e+003;7.904798e-002
3.232246e+003;8.005725e-002
3.234175e+003;8.091129e-002
3.236104e+003;8.157749e-002
3.238032e+003;8.306690e-002
3.239961e+003;8.502252e-002
3.241889e+003;8.618113e-002
3.243818e+003;8.728135e-002
3.245746e+003;8.891477e-002
3.247675e+003;9.062124e-002
3.249603e+003;9.219599e-002
3.251532e+003;9.356944e-002
3.253460e+003;9.471752e-002
3.255389e+003;9.610990e-002
3.257318e+003;9.808048e-002
3.259246e+003;9.999491e-002
3.261175e+003;1.016465e-001
3.263103e+003;1.031694e-001
3.265032e+003;1.047264e-001
3.266960e+003;1.064964e-001
3.268889e+003;1.083462e-001
3.270817e+003;1.098388e-001
3.272746e+003;1.114215e-001
3.274675e+003;1.128178e-001
3.276603e+003;1.141669e-001
3.278531e+003;1.159597e-001
3.280460e+003;1.173008e-001
3.282389e+003;1.182737e-001
3.284317e+003;1.192725e-001
3.286246e+003;1.202961e-001
3.288174e+003;1.211669e-001
3.290103e+003;1.215384e-001
3.292031e+003;1.218046e-001
3.293960e+003;1.219749e-001
3.295888e+003;1.210800e-001
3.297817e+003;1.195843e-001
3.299746e+003;1.184098e-001
3.301674e+003;1.170161e-001
3.303603e+003;1.148287e-001
3.305531e+003;1.125176e-001
3.307460e+003;1.101978e-001
3.309388e+003;1.072934e-001
3.311317e+003;1.050416e-001
3.313245e+003;1.033801e-001
3.315174e+003;1.010303e-001
3.317103e+003;9.906367e-002
3.319031e+003;9.738529e-002
3.320960e+003;9.505726e-002
3.322888e+003;9.262279e-002
3.324817e+003;9.072678e-002
3.326745e+003;8.930054e-002
3.328674e+003;8.720063e-002
3.330602e+003;8.500660e-002
3.332531e+003;8.367889e-002
3.334459e+003;8.262530e-002
3.336388e+003;8.104189e-002
3.338317e+003;7.914008e-002
3.340245e+003;7.756443e-002
3.342174e+003;7.609572e-002
3.344102e+003;7.476719e-002
3.346031e+003;7.343846e-002
3.347959e+003;7.223058e-002
3.349888e+003;7.114183e-002
3.351816e+003;6.998757e-002
3.353745e+003;6.891824e-002
3.355674e+003;6.782436e-002
3.357602e+003;6.653807e-002
3.359531e+003;6.534015e-002
3.361459e+003;6.461796e-002
3.363388e+003;6.408649e-002
3.365316e+003;6.332035e-002
3.367245e+003;6.274512e-002
3.369173e+003;6.214371e-002
3.371102e+003;6.109965e-002
3.373031e+003;6.004478e-002
3.374959e+003;5.953707e-002
3.376887e+003;5.887516e-002
3.378816e+003;5.842582e-002
3.380745e+003;5.809954e-002
3.382673e+003;5.705566e-002
3.384602e+003;5.623689e-002
3.386530e+003;5.596785e-002
3.388459e+003;5.582570e-002
3.390387e+003;5.552106e-002
3.392316e+003;5.460402e-002
3.394244e+003;5.381397e-002
3.396173e+003;5.326828e-002
3.398102e+003;5.310361e-002
3.400030e+003;5.322475e-002
3.401959e+003;5.290161e-002
3.403887e+003;5.250029e-002
3.405816e+003;5.230436e-002
3.407744e+003;5.213594e-002
3.409673e+003;5.186894e-002
3.411601e+003;5.144402e-002
3.413530e+003;5.111534e-002
3.415458e+003;5.066673e-002
3.417387e+003;5.021562e-002
3.419316e+003;4.997629e-002
3.421244e+003;4.962157e-002
3.423173e+003;4.923517e-002
3.425101e+003;4.928583e-002
3.427030e+003;4.872330e-002
3.428958e+003;4.813439e-002
3.430887e+003;4.814791e-002
3.432815e+003;4.817604e-002
3.434744e+003;4.801299e-002
3.436673e+003;4.764729e-002
3.438601e+003;4.761435e-002
3.440530e+003;4.757567e-002
3.442458e+003;4.726084e-002
3.444387e+003;4.693701e-002
3.446315e+003;4.647643e-002
3.448244e+003;4.594724e-002
3.450172e+003;4.561213e-002
3.452101e+003;4.533461e-002
3.454030e+003;4.493555e-002
3.455958e+003;4.440923e-002
3.457886e+003;4.362218e-002
3.459815e+003;4.281593e-002
3.461744e+003;4.234798e-002
3.463672e+003;4.200538e-002
3.465601e+003;4.165600e-002
3.467529e+003;4.131176e-002
3.469458e+003;4.113236e-002
3.471386e+003;4.087520e-002
3.473315e+003;4.033203e-002
3.475243e+003;3.993492e-002
3.477172e+003;4.016895e-002
3.479101e+003;4.015779e-002
3.481029e+003;3.957617e-002
3.482958e+003;3.919861e-002
3.484886e+003;3.911608e-002
3.486815e+003;3.954859e-002
3.488743e+003;3.994585e-002
3.490672e+003;3.969299e-002
3.492600e+003;3.947750e-002
3.494529e+003;3.921149e-002
3.496458e+003;3.834663e-002
3.498386e+003;3.770158e-002
3.500315e+003;3.731528e-002
3.502243e+003;3.703226e-002
3.504172e+003;3.704499e-002
3.506100e+003;3.714290e-002
3.508029e+003;3.685156e-002
3.509957e+003;3.627308e-002
3.511886e+003;3.623184e-002
3.513814e+003;3.631641e-002
3.515743e+003;3.619161e-002
3.517672e+003;3.583292e-002
3.519600e+003;3.517735e-002
3.521529e+003;3.466799e-002
3.523457e+003;3.448199e-002
3.525386e+003;3.416174e-002
3.527314e+003;3.373940e-002
3.529243e+003;3.337277e-002
3.531171e+003;3.316480e-002
3.533100e+003;3.253921e-002
3.535029e+003;3.193685e-002
3.536957e+003;3.177917e-002
3.538885e+003;3.140352e-002
3.540814e+003;3.070560e-002
3.542743e+003;3.027292e-002
3.544671e+003;3.016433e-002
3.546600e+003;2.999193e-002
3.548528e+003;2.959529e-002
3.550457e+003;2.892513e-002
3.552385e+003;2.797592e-002
3.554314e+003;2.731326e-002
3.556242e+003;2.705100e-002
3.558171e+003;2.701355e-002
3.560100e+003;2.666641e-002
3.562028e+003;2.631015e-002
3.563957e+003;2.611049e-002
3.565885e+003;2.581941e-002
3.567814e+003;2.519647e-002
3.569742e+003;2.464832e-002
3.571671e+003;2.436092e-002
3.573599e+003;2.406236e-002
3.575528e+003;2.340900e-002
3.577457e+003;2.289840e-002
3.579385e+003;2.298349e-002
3.581314e+003;2.268745e-002
3.583242e+003;2.185587e-002
3.585171e+003;2.155387e-002
3.587099e+003;2.144981e-002
3.589028e+003;2.084096e-002
3.590956e+003;2.058324e-002
3.592885e+003;2.058351e-002
3.594813e+003;2.017430e-002
3.596742e+003;1.979953e-002
3.598671e+003;1.953213e-002
3.600599e+003;1.919421e-002
3.602528e+003;1.938219e-002
3.604456e+003;1.931609e-002
3.606385e+003;1.879606e-002
3.608313e+003;1.848322e-002
3.610242e+003;1.785335e-002
3.612170e+003;1.741849e-002
3.614099e+003;1.743246e-002
3.616028e+003;1.723170e-002
3.617956e+003;1.681609e-002
3.619885e+003;1.671791e-002
3.621813e+003;1.637408e-002
3.623742e+003;1.579680e-002
3.625670e+003;1.580158e-002
3.627599e+003;1.593086e-002
3.629527e+003;1.574131e-002
3.631456e+003;1.513766e-002
3.633385e+003;1.460805e-002
3.635313e+003;1.453215e-002
3.637241e+003;1.456086e-002
3.639170e+003;1.442749e-002
3.641099e+003;1.438879e-002
3.643027e+003;1.431396e-002
3.644956e+003;1.405470e-002
3.646884e+003;1.365912e-002
3.648813e+003;1.321242e-002
3.650741e+003;1.288746e-002
3.652670e+003;1.283609e-002
3.654598e+003;1.274857e-002
3.656527e+003;1.242795e-002
3.658456e+003;1.219312e-002
3.660384e+003;1.199565e-002
3.662313e+003;1.181714e-002
3.664241e+003;1.187652e-002
3.666170e+003;1.195536e-002
3.668098e+003;1.206477e-002
3.670027e+003;1.200468e-002
3.671955e+003;1.184611e-002
3.673884e+003;1.164087e-002
3.675813e+003;1.132869e-002
3.677741e+003;1.116731e-002
3.679669e+003;1.114011e-002
3.681598e+003;1.093357e-002
3.683527e+003;1.034230e-002
3.685455e+003;1.005940e-002
3.687384e+003;9.788198e-003
3.689312e+003;9.577526e-003
3.691241e+003;9.409752e-003
3.693169e+003;9.384967e-003
3.695098e+003;9.525432e-003
3.697026e+003;9.418149e-003
3.698955e+003;9.302801e-003
3.700884e+003;9.264145e-003
3.702812e+003;9.361505e-003
3.704741e+003;9.326025e-003
3.706669e+003;9.234867e-003
3.708598e+003;9.046893e-003
3.710526e+003;8.554619e-003
3.712455e+003;8.486092e-003
3.714383e+003;9.141800e-003
3.716312e+003;9.268207e-003
3.718240e+003;8.912669e-003
3.720169e+003;8.816494e-003
3.722098e+003;8.636271e-003
3.724026e+003;8.363864e-003
3.725955e+003;8.230291e-003
3.727883e+003;8.409434e-003
3.729812e+003;8.647189e-003
3.731740e+003;8.678218e-003
3.733669e+003;8.893629e-003
3.735597e+003;9.145895e-003
3.737526e+003;9.002406e-003
3.739455e+003;9.013603e-003
3.741383e+003;9.044626e-003
3.743312e+003;8.821634e-003
3.745240e+003;8.682882e-003
3.747169e+003;8.701137e-003
3.749097e+003;9.103665e-003
3.751026e+003;8.842632e-003
3.752954e+003;8.160702e-003
3.754883e+003;8.588616e-003
3.756812e+003;9.392619e-003
3.758740e+003;9.530851e-003
3.760668e+003;9.366143e-003
3.762597e+003;9.770305e-003
3.764526e+003;9.742111e-003
3.766454e+003;9.281814e-003
3.768383e+003;8.914192e-003
3.770311e+003;8.847907e-003
3.772240e+003;9.087763e-003
3.774168e+003;8.899412e-003
3.776097e+003;8.625084e-003
3.778025e+003;8.497039e-003
3.779954e+003;8.549516e-003
3.781883e+003;8.864748e-003
3.783811e+003;8.924508e-003
3.785740e+003;8.650332e-003
3.787668e+003;8.512886e-003
3.789597e+003;8.552253e-003
3.791525e+003;8.648608e-003
3.793454e+003;8.909220e-003
3.795382e+003;9.386829e-003
3.797311e+003;9.254465e-003
3.799240e+003;8.560398e-003
3.801168e+003;8.539649e-003
3.803097e+003;8.917168e-003
3.805025e+003;9.177095e-003
3.806954e+003;9.053963e-003
3.808882e+003;8.882266e-003
3.810811e+003;8.932287e-003
3.812739e+003;8.683762e-003
3.814668e+003;8.816798e-003
3.816596e+003;9.277617e-003
3.818525e+003;9.445068e-003
3.820454e+003;9.353074e-003
3.822382e+003;9.384425e-003
3.824311e+003;9.568482e-003
3.826239e+003;9.625018e-003
3.828168e+003;9.532172e-003
3.830096e+003;9.285538e-003
3.832025e+003;9.329038e-003
3.833953e+003;9.756648e-003
3.835882e+003;9.923742e-003
3.837811e+003;9.876624e-003
3.839739e+003;1.012281e-002
3.841667e+003;1.039052e-002
3.843596e+003;1.011586e-002
3.845525e+003;9.996565e-003
3.847453e+003;1.002454e-002
3.849382e+003;9.979173e-003
3.851310e+003;1.012665e-002
3.853239e+003;1.002664e-002
3.855167e+003;1.003342e-002
3.857096e+003;1.002735e-002
3.859024e+003;1.005974e-002
3.860953e+003;9.946049e-003
3.862882e+003;9.802940e-003
3.864810e+003;9.900318e-003
3.866739e+003;1.007120e-002
3.868667e+003;1.043023e-002
3.870596e+003;1.052558e-002
3.872524e+003;1.061280e-002
3.874453e+003;1.060899e-002
3.876381e+003;1.073196e-002
3.878310e+003;1.059076e-002
3.880239e+003;1.014737e-002
3.882167e+003;1.052554e-002
3.884096e+003;1.081113e-002
3.886024e+003;1.067174e-002
3.887953e+003;1.047018e-002
3.889881e+003;1.022111e-002
3.891810e+003;1.050280e-002
3.893738e+003;1.097489e-002
3.895667e+003;1.117802e-002
3.897595e+003;1.105421e-002
3.899524e+003;1.085774e-002
3.901453e+003;1.090513e-002
3.903381e+003;1.124388e-002
3.905310e+003;1.147138e-002
3.907238e+003;1.122096e-002
3.909167e+003;1.093813e-002
3.911095e+003;1.108134e-002
3.913024e+003;1.102658e-002
3.914952e+003;1.102760e-002
3.916881e+003;1.118002e-002
3.918810e+003;1.146363e-002
3.920738e+003;1.154970e-002
3.922667e+003;1.153133e-002
3.924595e+003;1.191385e-002
3.926524e+003;1.204314e-002
3.928452e+003;1.183958e-002
3.930381e+003;1.188847e-002
3.932309e+003;1.220266e-002
3.934238e+003;1.232949e-002
3.936167e+003;1.204713e-002
3.938095e+003;1.180090e-002
3.940023e+003;1.202839e-002
3.941952e+003;1.228368e-002
3.943881e+003;1.238448e-002
3.945809e+003;1.279767e-002
3.947738e+003;1.318291e-002
3.949666e+003;1.287562e-002
3.951595e+003;1.274689e-002
3.953523e+003;1.294856e-002
3.955452e+003;1.252066e-002
3.957380e+003;1.242188e-002
3.959309e+003;1.287623e-002
3.961238e+003;1.285743e-002
3.963166e+003;1.274577e-002
3.965095e+003;1.314704e-002
3.967023e+003;1.321614e-002
3.968952e+003;1.327756e-002
3.970880e+003;1.315910e-002
3.972809e+003;1.334295e-002
3.974737e+003;1.395341e-002
3.976666e+003;1.402411e-002
3.978594e+003;1.350931e-002
3.980523e+003;1.337476e-002
3.982452e+003;1.354373e-002
3.984380e+003;1.373432e-002
3.986309e+003;1.375829e-002
3.988237e+003;1.365553e-002
3.990166e+003;1.391502e-002
3.992094e+003;1.371458e-002
3.994023e+003;1.354801e-002
3.995951e+003;1.396381e-002
3.997880e+003;1.421815e-002
3.999809e+003;1.431368e-002
4.001737e+003;0.000000e+000
