399.8484859844,48.4147824654
401.2765162915,52.8631028556
402.7045465986,40.7783266177
404.1325769057,52.9521865520
405.5606072128,63.2814272808
406.9886375199,70.8455689786
408.4166678269,80.5365733151
409.8446981340,80.4237834065
411.2727284411,66.7169001521
412.7007587482,69.1725420205
414.1287890553,79.3180000461
415.5568193624,75.9032013782
416.9848496695,72.9883561473
418.4128799766,87.6461250533
419.8409102836,80.6678114353
421.2689405907,67.0472505680
422.6969708978,72.3378040036
424.1250012049,73.7536708955
425.5530315120,64.6286560918
426.9810618191,69.4263537306
428.4090921262,71.1700231305
429.8371224332,61.3978569087
431.2651527403,60.5075844400
432.6931830474,63.1748273038
434.1212133545,64.0461547353
435.5492436616,65.8555536607
436.9772739687,63.7930325161
438.4053042758,64.9216723255
439.8333345829,68.4686205037
441.2613648899,66.4847466922
442.6893951970,64.0818928586
444.1174255041,65.8286806438
445.5454558112,66.4425019741
446.9734861183,65.5580690081
448.4015164254,67.0689319356
449.8295467325,68.4449662211
451.2575770396,67.1560437493
452.6856073466,69.3282952173
454.1136376537,70.5393196981
455.5416679608,65.3464911599
456.9696982679,63.5977687129
458.3977285750,67.7932025033
459.8257588821,66.3721772162
461.2537891892,68.1004859229
462.6818194963,70.4018890460
464.1098498033,68.0618180594
465.5378801104,69.7762594001
466.9659104175,69.0013950012
468.3939407246,65.7839394384
469.8219710317,69.9652832318
471.2500013388,71.2106122519
472.6780316459,66.4730539610
474.1060619530,66.9803728043
475.5340922600,68.2296850017
476.9621225671,68.0388531465
478.3901528742,66.6965730692
479.8181831813,66.8732178265
481.2462134884,68.7144389829
482.6742437955,66.2394285514
484.1022741026,64.5240135061
485.5303044097,67.3417243854
486.9583347167,66.3433350755
488.3863650238,65.0361458907
489.8143953309,64.6320667147
491.2424256380,62.2208217636
492.6704559451,63.6176747914
494.0984862522,64.5895160361
495.5265165593,62.2233715220
496.9545468663,63.6234491309
498.3825771734,64.2600732623
499.8106074805,61.8317827542
501.2386377876,61.8569171336
502.6666680947,62.5842132341
504.0946984018,61.9529682110
505.5227287089,60.8573550393
506.9507590160,60.5856589074
508.3787893230,63.6844535744
509.8068196301,64.8862562166
511.2348499372,63.1739046047
512.6628802443,63.9905261083
514.0909105514,64.7110979651
515.5189408585,63.3588108255
516.9469711656,63.3998515744
518.3750014727,63.9318732270
519.8030317797,64.0771033789
521.2310620868,65.0165882846
522.6590923939,65.3242194131
524.0871227010,64.7276219984
525.5151530081,64.4289410002
526.9431833152,64.7998341628
528.3712136223,65.5097798906
529.7992439294,66.3034560911
531.2272742364,66.2391553775
532.6553045435,65.3318479557
534.0833348506,65.3743926736
535.5113651577,65.8683632893
536.9393954648,65.6979277417
538.3674257719,65.8988555893
539.7954560790,65.4846943552
541.2234863861,64.7278901879
542.6515166931,65.4839876685
544.0795470002,65.0679177220
545.5075773073,63.9300649410
546.9356076144,64.9716226139
548.3636379215,64.4842082747
549.7916682286,62.5534060901
551.2196985357,62.8510126024
552.6477288427,62.7191824932
554.0757591498,61.7553858819
555.5037894569,62.5184965526
556.9318197640,63.2068289664
558.3598500711,62.6161664406
559.7878803782,62.3276927935
561.2159106853,63.2338707135
562.6439409924,64.5521471169
564.0719712994,65.0160962027
565.5000016065,65.2052784765
566.9280319136,65.3682325337
568.3560622207,64.9926396234
569.7840925278,65.3322448545
571.2121228349,65.9659465173
572.6401531420,65.7467673423
574.0681834491,65.9052444801
575.4962137561,66.1563051918
576.9242440632,65.8758677521
578.3522743703,66.1778647731
579.7803046774,66.2878326973
581.2083349845,65.7870105819
582.6363652916,65.9652915329
584.0643955987,66.1905070660
585.4924259058,65.8228870507
586.9204562128,65.5586751243
588.3484865199,65.3762815268
589.7765168270,65.1961724855
591.2045471341,65.2938406397
592.6325774412,65.4055593812
594.0606077483,65.3727960360
595.4886380554,65.3984875989
596.9166683625,65.4393697318
598.3446986695,65.3921442550
599.7727289766,65.2306755556
601.2007592837,65.0626262206
602.6287895908,65.0846710852
604.0568198979,65.1155328034
605.4848502050,65.0955199942
606.9128805121,65.0513237720
608.3409108192,64.8632438528
609.7689411262,65.2535169231
611.1969714333,66.1730984601
612.6250017404,66.1006719559
614.0530320475,65.3170200269
615.4810623546,65.0946800584
616.9090926617,65.1661265654
618.3371229688,65.6481148584
619.7651532758,66.2600491197
621.1931835829,66.3974928760
622.6212138900,66.6052868874
624.0492441971,66.6789090427
625.4772745042,66.5704910892
626.9053048113,67.0040079376
628.3333351184,66.9759577494
629.7613654255,66.5853956412
631.1893957325,66.9812655073
632.6174260396,67.2970787511
634.0454563467,67.4032890941
635.4734866538,67.6414403440
636.9015169609,67.5815040364
638.3295472680,67.9727940582
639.7575775751,68.4651316555
641.1856078822,68.1507630210
642.6136381892,67.8509903825
644.0416684963,67.5471248876
645.4696988034,67.5288680046
646.8977291105,68.0323923186
648.3257594176,67.8385993855
649.7537897247,67.5469023143
651.1818200318,67.6373423198
652.6098503389,67.1203755668
654.0378806459,66.6093007489
655.4659109530,66.1099834963
656.8939412601,65.7018835514
658.3219715672,65.6342115111
659.7500018743,64.8340180129
661.1780321814,64.4327838833
662.6060624885,64.6958366740
664.0340927956,64.3923192010
665.4621231026,64.5334958782
666.8901534097,64.6649985679
668.3181837168,63.0572163578
669.7462140239,64.2135167509
671.1742443310,65.0831185776
672.6022746381,65.4345489082
674.0303049452,65.7374006531
675.4583352522,65.5102970428
676.8863655593,65.1070382086
678.3143958664,65.3299638395
679.7424261735,65.3225474080
681.1704564806,65.1449427014
682.5984867877,65.2674127286
684.0265170948,65.2934842458
685.4545474019,65.0278774290
686.8825777089,64.6387160477
688.3106080160,64.4624643420
689.7386383231,63.9735149217
691.1666686302,62.9775852010
692.5946989373,62.6545472421
694.0227292444,62.4004764006
695.4507595515,61.5917834567
696.8787898586,61.0717083544
698.3068201656,60.1432170718
699.7348504727,59.2243072073
701.1628807798,58.8637353732
702.5909110869,57.7156573599
704.0189413940,56.9558320207
705.4469717011,56.8804734433
706.8750020082,55.7341936068
708.3030323153,54.8152797565
709.7310626223,54.1711798105
711.1590929294,53.0338668525
712.5871232365,52.4355377722
714.0151535436,51.1976745382
715.4431838507,49.6327823704
716.8712141578,48.8152605700
718.2992444649,47.0449521929
719.7272747720,45.7405285780
721.1553050790,45.9136287908
722.5833353861,45.7698706907
724.0113656932,46.8925521390
725.4393960003,49.6854004415
726.8674263074,52.6761188583
728.2954566145,56.0771990708
729.7234869216,59.6956665864
731.1515172287,62.9555123807
732.5795475357,66.4226088141
734.0075778428,70.5727375671
735.4356081499,74.1410492655
736.8636384570,76.9891947870
738.2916687641,80.1284924127
739.7196990712,82.4745325020
741.1477293783,83.8561978201
742.5757596853,84.9865637355
744.0037899924,85.3257906101
745.4318202995,85.2689075188
746.8598506066,85.4553560742
748.2878809137,85.6832850404
749.7159112208,85.9098918682
751.1439415279,85.8814318926
752.5719718350,85.7308184978
754.0000021420,85.8710707713
755.4280324491,85.6741974459
756.8560627562,85.0851921231
758.2840930633,84.9283311424
759.7121233704,84.9241182007
761.1401536775,84.8679302088
762.5681839846,85.0159311370
763.9962142917,84.7355720474
765.4242445987,84.2378812774
766.8522749058,84.3069342731
768.2803052129,84.2127021678
769.7083355200,83.8005897212
771.1363658271,83.7430450543
772.5643961342,83.5699122024
773.9924264413,83.1524030041
775.4204567484,82.8660173939
776.8484870554,82.4969936203
778.2765173625,82.2660386441
779.7045476696,82.1492682680
781.1325779767,81.6449417057
782.5606082838,81.2187969161
783.9886385909,81.0322947717
785.4166688980,80.4481477830
786.8446992051,79.7832999977
788.2727295121,79.4135774125
789.7007598192,78.7218950253
791.1287901263,77.8384854668
792.5568204334,77.7371928309
793.9848507405,78.1414428922
795.4128810476,78.4339737507
796.8409113547,78.9032510034
798.2689416617,79.1750340952
799.6969719688,79.0500033198
801.1250022759,79.1072607942
802.5530325830,79.1219806545
803.9810628901,78.9796396975
805.4090931972,79.0154708713
806.8371235043,79.1228818378
808.2651538114,79.4125637605
809.6931841184,79.6388420943
811.1212144255,79.3682339102
812.5492447326,79.1561948298
813.9772750397,79.2356004980
815.4053053468,79.3948345545
816.8333356539,79.6976039844
818.2613659610,79.6682232421
819.6893962681,79.2811644499
821.1174265751,79.3046250403
822.5454568822,79.5706085627
823.9734871893,79.5124636485
825.4015174964,79.2781106307
826.8295478035,79.2133217228
828.2575781106,79.1995959767
829.6856084177,78.9840014910
831.1136387248,78.8568546209
832.5416690318,78.7405988824
833.9696993389,78.2685539277
835.3977296460,77.9576710113
836.8257599531,77.6763801778
838.2537902602,76.9132630005
839.6818205673,76.4770276751
841.1098508744,76.2434086504
842.5378811815,75.4787582399
843.9659114885,74.8982968241
845.3939417956,74.5786636048
846.8219721027,74.2032067109
848.2500024098,74.4228676564
849.6780327169,75.1775034140
851.1060630240,75.8246513087
852.5340933311,76.2307162314
853.9621236381,76.4119382267
855.3901539452,76.6498070669
856.8181842523,77.0079690425
858.2462145594,76.8984751250
859.6742448665,76.6333538673
861.1022751736,76.6755579221
862.5303054807,76.2931624378
863.9583357878,75.5469077966
865.3863660948,74.9115860186
866.8143964019,73.7105063389
868.2424267090,71.7168772658
869.6704570161,69.0656030695
871.0984873232,66.5690441271
872.5265176303,66.9364722705
873.9545479374,70.3627541953
875.3825782445,73.0450912148
876.8106085515,74.3660664268
878.2386388586,75.6039395207
879.6666691657,76.3059217913
881.0946994728,76.9656033331
882.5227297799,77.7101488586
883.9507600870,77.8942428512
885.3787903941,78.1123298184
886.8068207012,78.2666610366
888.2348510082,78.0583291137
889.6628813153,77.9713521777
891.0909116224,77.7029763849
892.5189419295,77.3426662886
893.9469722366,77.2107292684
895.3750025437,76.9253107622
896.8030328508,76.8825471960
898.2310631579,76.9890494938
899.6590934649,76.7384939386
901.0871237720,76.7706271939
902.5151540791,76.9052801697
903.9431843862,76.8353453141
905.3712146933,77.1249950479
906.7992450004,77.3566413859
908.2272753075,77.4703972326
909.6553056146,77.9075640826
911.0833359216,78.1466963541
912.5113662287,78.0775543981
913.9393965358,78.0420971044
915.3674268429,77.9742848648
916.7954571500,77.8764896090
918.2234874571,77.7426752238
919.6515177642,77.6137850061
921.0795480712,77.4608370128
922.5075783783,77.1543245508
923.9356086854,76.9726977175
925.3636389925,76.8613200785
926.7916692996,76.5015444800
928.2196996067,76.1546532057
929.6477299138,75.9661228221
931.0757602209,75.7479660758
932.5037905279,75.3962729245
933.9318208350,75.0996414436
935.3598511421,74.9606101903
936.7878814492,74.5213858909
938.2159117563,73.9850989450
939.6439420634,73.7661353742
941.0719723705,73.4143725545
942.5000026776,73.1492876607
943.9280329846,72.8732124817
945.3560632917,72.0323177432
946.7840935988,71.6308155727
948.2121239059,71.4782385731
949.6401542130,70.6899521002
951.0681845201,70.3314883902
952.4962148272,69.9881410338
953.9242451343,69.0332125348
955.3522754413,68.6592577143
956.7803057484,68.1742664807
958.2083360555,67.1366621816
959.6363663626,66.5556951349
961.0643966697,65.8762437581
962.4924269768,65.1126499071
963.9204572839,64.5833916268
965.3484875910,63.6904110962
966.7765178980,62.8702108590
968.2045482051,62.1532025744
969.6325785122,61.4373875706
971.0606088193,61.2123703994
972.4886391264,60.9208986797
973.9166694335,60.6778549630
975.3446997406,60.6539070996
976.7727300476,60.2308042640
978.2007603547,59.8916830338
979.6287906618,59.4960160025
981.0568209689,58.8455995757
982.4848512760,58.7756869536
983.9128815831,58.7418692867
985.3409118902,58.6269678890
986.7689421973,58.9755573549
988.1969725043,59.1291423513
989.6250028114,59.1113021533
991.0530331185,59.0566827286
992.4810634256,58.6948376619
993.9090937327,58.2785196120
995.3371240398,57.6449157681
996.7651543469,57.1230657790
998.1931846540,56.8913532733
999.6212149610,56.2409991513
1001.0492452681,55.7908101009
1002.4772755752,55.6683165506
1003.9053058823,55.2785566353
1005.3333361894,55.0508290175
1006.7613664965,54.5273101383
1008.1893968036,53.7142172956
1009.6174271107,53.0798600088
1011.0454574177,51.7523712110
1012.4734877248,50.1397249611
1013.9015180319,48.5611019955
1015.3295483390,46.7407307233
1016.7575786461,46.1765566378
1018.1856089532,46.6402247022
1019.6136392603,47.5522114085
1021.0416695674,49.2406532161
1022.4696998744,50.3681575798
1023.8977301815,51.6304261350
1025.3257604886,53.8142972500
1026.7537907957,55.3082796117
1028.1818211028,56.0507883848
1029.6098514099,56.0527251414
1031.0378817170,55.5104861002
1032.4659120241,55.6654208734
1033.8939423311,55.6208705234
1035.3219726382,55.4507823580
1036.7500029453,56.1259740103
1038.1780332524,56.3347369443
1039.6060635595,56.3974557604
1041.0340938666,56.7033907207
1042.4621241737,56.2253951815
1043.8901544807,55.7912728807
1045.3181847878,55.4416367698
1046.7462150949,54.8982853803
1048.1742454020,54.8197828837
1049.6022757091,54.2393666558
1051.0303060162,53.5436260394
1052.4583363233,53.5115328760
1053.8863666304,53.2171869588
1055.3143969374,53.3007861118
1056.7424272445,53.5711977586
1058.1704575516,53.3429614986
1059.5984878587,53.6693290960
1061.0265181658,54.2944078133
1062.4545484729,55.0210741302
1063.8825787800,55.7720747650
1065.3106090871,55.9121513640
1066.7386393941,56.3332483908
1068.1666697012,56.6856167898
1069.5947000083,56.4160552187
1071.0227303154,56.5197408749
1072.4507606225,56.1620983231
1073.8787909296,55.3732714599
1075.3068212367,55.0359690939
1076.7348515438,54.2198980027
1078.1628818508,53.6986794823
1079.5909121579,53.4957539308
1081.0189424650,52.5909457774
1082.4469727721,52.3306629121
1083.8750030792,52.1284135516
1085.3030333863,51.3572752840
1086.7310636934,51.1333880920
1088.1590940005,50.6697549478
1089.5871243075,50.2560339820
1091.0151546146,50.1216183636
1092.4431849217,49.4601572072
1093.8712152288,49.3128413317
1095.2992455359,49.0015050997
1096.7272758430,48.3877572414
1098.1553061501,48.8541745136
1099.5833364571,48.9817979199
1101.0113667642,49.0840403826
1102.4393970713,49.9074050470
1103.8674273784,50.2683330127
1105.2954576855,51.1935111122
1106.7234879926,52.2889963857
1108.1515182997,52.7553929664
1109.5795486068,53.6594244884
1111.0075789138,54.1593800699
1112.4356092209,54.8105298638
1113.8636395280,56.2646259207
1115.2916698351,56.9360546516
1116.7197001422,57.8220625462
1118.1477304493,58.9992110947
1119.5757607564,59.4395734122
1121.0037910635,60.4217004552
1122.4318213705,61.3645070502
1123.8598516776,62.1111732939
1125.2878819847,63.7970230665
1126.7159122918,65.2926900304
1128.1439425989,66.7742757648
1129.5719729060,68.5859864962
1131.0000032131,69.9636963502
1132.4280335202,71.7733969088
1133.8560638272,73.6446185502
1135.2840941343,74.9788789441
1136.7121244414,76.7752950949
1138.1401547485,78.2434037420
1139.5681850556,78.8846079409
1140.9962153627,79.7556062236
1142.4242456698,80.3688038735
1143.8522759769,80.4896893577
1145.2803062839,80.7897825470
1146.7083365910,80.9987184963
1148.1363668981,81.2432821953
1149.5643972052,81.5763545301
1150.9924275123,81.6059654057
1152.4204578194,81.5903059266
1153.8484881265,81.4666897326
1155.2765184336,81.2333393304
1156.7045487406,81.1167989050
1158.1325790477,80.8006625762
1159.5606093548,80.5792121774
1160.9886396619,80.5759366443
1162.4166699690,80.5872441889
1163.8447002761,81.0807228499
1165.2727305832,81.6765985288
1166.7007608902,81.9706721399
1168.1287911973,82.4131260031
1169.5568215044,82.8131013237
1170.9848518115,83.0688759777
1172.4128821186,83.3977140683
1173.8409124257,83.5893849572
1175.2689427328,83.8650573032
1176.6969730399,84.2647196575
1178.1250033469,84.5032674464
1179.5530336540,84.8345058997
1180.9810639611,85.0771834694
1182.4090942682,85.0184285038
1183.8371245753,85.0047023752
1185.2651548824,84.8768008046
1186.6931851895,84.6253632530
1188.1212154966,84.3868626344
1189.5492458036,83.9054953743
1190.9772761107,83.3163415085
1192.4053064178,82.5980651441
1193.8333367249,81.8629030578
1195.2613670320,81.3946729842
1196.6893973391,80.6065490244
1198.1174276462,79.6555590866
1199.5454579533,79.0164416444
1200.9734882603,78.2430475417
1202.4015185674,77.5479413835
1203.8295488745,76.9909471816
1205.2575791816,76.2925525464
1206.6856094887,75.8569246178
1208.1136397958,75.6504834505
1209.5416701029,75.5002294920
1210.9697004100,75.3180062119
1212.3977307170,74.9068445297
1213.8257610241,74.4732732799
1215.2537913312,73.8614831521
1216.6818216383,72.9725004678
1218.1098519454,72.1259499401
1219.5378822525,71.1105482223
1220.9659125596,70.2106206106
1222.3939428666,69.5495140226
1223.8219731737,68.6617865692
1225.2500034808,67.9504786425
1226.6780337879,67.1905466216
1228.1060640950,66.0892570490
1229.5340944021,65.1161607066
1230.9621247092,63.8621452252
1232.3901550163,62.5844217079
1233.8181853233,61.6367624611
1235.2462156304,60.5587429221
1236.6742459375,59.9680534219
1238.1022762446,59.5624403166
1239.5303065517,59.0292419536
1240.9583368588,59.0502739758
1242.3863671659,58.9590461463
1243.8143974730,58.9916860439
1245.2424277800,59.4202874544
1246.6704580871,59.4983585295
1248.0984883942,59.9882423453
1249.5265187013,60.6331580273
1250.9545490084,60.9028929151
1252.3825793155,61.5957818355
1253.8106096226,61.9717899620
1255.2386399297,61.9642861623
1256.6666702367,62.2456809690
1258.0947005438,62.1434962962
1259.5227308509,62.2513384907
1260.9507611580,62.8594079027
1262.3787914651,63.2585615868
1263.8068217722,64.0755249490
1265.2348520793,65.1430542558
1266.6628823864,66.1835768871
1268.0909126934,67.4174316217
1269.5189430005,68.3680389144
1270.9469733076,69.2586477653
1272.3750036147,70.0852376363
1273.8030339218,70.5981089839
1275.2310642289,71.4040595726
1276.6590945360,72.1406793561
1278.0871248431,72.5727578202
1279.5151551501,73.2799566527
1280.9431854572,73.9446383349
1282.3712157643,74.6885720222
1283.7992460714,75.7053895199
1285.2272763785,76.4226997826
1286.6553066856,77.0919510620
1288.0833369927,77.9204058156
1289.5113672997,78.6061182109
1290.9393976068,79.2877688974
1292.3674279139,79.9760222681
1293.7954582210,80.7092912770
1295.2234885281,81.4768795642
1296.6515188352,81.9823759236
1298.0795491423,82.4888242755
1299.5075794494,83.1323323070
1300.9356097564,83.4636360242
1302.3636400635,83.5847024934
1303.7916703706,83.7560914427
1305.2197006777,83.8347333700
1306.6477309848,83.7872978077
1308.0757612919,83.6037055278
1309.5037915990,83.5769164228
1310.9318219061,83.7219268530
1312.3598522131,83.6238704941
1313.7878825202,83.6491904921
1315.2159128273,83.9643557224
1316.6439431344,84.3089394172
1318.0719734415,84.8697688661
1319.5000037486,85.4049027116
1320.9280340557,85.8302558581
1322.3560643628,86.3934136680
1323.7840946698,86.6235587330
1325.2121249769,86.5097750130
1326.6401552840,86.5124231728
1328.0681855911,86.0581251103
1329.4962158982,85.1377689185
1330.9242462053,83.8953345367
1332.3522765124,81.9939984480
1333.7803068195,80.1920432092
1335.2083371265,78.2149064249
1336.6363674336,76.5390671991
1338.0643977407,75.8731303327
1339.4924280478,75.3940076742
1340.9204583549,76.3784939958
1342.3484886620,78.1758154916
1343.7765189691,80.0965763377
1345.2045492761,82.3817298865
1346.6325795832,84.2929192310
1348.0606098903,85.7687791571
1349.4886401974,86.7557132474
1350.9166705045,87.2987576997
1352.3447008116,87.6099657684
1353.7727311187,87.6734478050
1355.2007614258,87.6451239046
1356.6287917328,87.8120329363
1358.0568220399,87.7962415731
1359.4848523470,87.4151948440
1360.9128826541,87.2625372449
1362.3409129612,87.1030201022
1363.7689432683,86.7762263276
1365.1969735754,86.7582124561
1366.6250038825,86.5242183617
1368.0530341895,86.1653161567
1369.4810644966,86.0664360837
1370.9090948037,86.0632111649
1372.3371251108,86.3117055261
1373.7651554179,86.4797992870
1375.1931857250,86.7214238958
1376.6212160321,87.3749125451
1378.0492463392,87.7067980557
1379.4772766462,87.8181199267
1380.9053069533,88.2377586998
1382.3333372604,88.3437668683
1383.7613675675,88.4064774791
1385.1893978746,88.8793650200
1386.6174281817,88.9130123714
1388.0454584888,88.8695997440
1389.4734887959,89.3346211803
1390.9015191029,89.3005192428
1392.3295494100,89.1814652802
1393.7575797171,89.1513234223
1395.1856100242,88.3286212236
1396.6136403313,88.0969550459
1398.0416706384,87.8004124062
1399.4697009455,86.5201898224
1400.8977312526,85.9372921629
1402.3257615596,85.1336379369
1403.7537918667,83.6194091885
1405.1818221738,82.1633297584
1406.6098524809,80.7031634000
1408.0378827880,80.1837781365
1409.4659130951,80.4775527297
1410.8939434022,81.0791109561
1412.3219737092,83.0909417034
1413.7500040163,85.2694989516
1415.1780343234,86.7946867077
1416.6060646305,88.2320628341
1418.0340949376,89.1108490466
1419.4621252447,88.9027640078
1420.8901555518,89.1650494028
1422.3181858589,89.4990033498
1423.7462161659,89.2085691296
1425.1742464730,88.9636107248
1426.6022767801,89.2704015465
1428.0303070872,89.0544250749
1429.4583373943,88.5844542314
1430.8863677014,88.8675648393
1432.3143980085,88.8527946096
1433.7424283156,88.7651259288
1435.1704586226,89.0269026568
1436.5984889297,88.5054660917
1438.0265192368,88.4052698265
1439.4545495439,88.8278928560
1440.8825798510,88.7055646865
1442.3106101581,88.7086786158
1443.7386404652,88.8455611523
1445.1666707723,88.5984496726
1446.5947010793,88.5961131418
1448.0227313864,88.2361939998
1449.4507616935,88.0006554794
1450.8787920006,88.3910597560
1452.3068223077,88.1360310811
1453.7348526148,88.0017549924
1455.1628829219,88.4281017589
1456.5909132290,87.4358017897
1458.0189435360,87.2373760479
1459.4469738431,88.1168406603
1460.8750041502,88.4386190885
1462.3030344573,88.8768607048
1463.7310647644,89.1024880591
1465.1590950715,88.7311046249
1466.5871253786,89.0607097138
1468.0151556856,88.9944107390
1469.4431859927,88.4338796852
1470.8712162998,88.2662099808
1472.2992466069,87.9661179290
1473.7272769140,88.8023050782
1475.1553072211,89.7228781517
1476.5833375282,90.1852430255
1478.0113678353,90.6084874624
1479.4393981423,91.1959414396
1480.8674284494,91.4293744522
1482.2954587565,91.5719498997
1483.7234890636,92.3195148147
1485.1515193707,92.9192810346
1486.5795496778,92.9767383770
1488.0075799849,93.1902805493
1489.4356102920,93.3945909400
1490.8636405990,93.2487941036
1492.2916709061,93.5466496558
1493.7197012132,93.8273993219
1495.1477315203,93.6962672888
1496.5757618274,93.2829076708
1498.0037921345,92.8956813046
1499.4318224416,92.3849986336
1500.8598527487,91.9673274764
1502.2878830557,91.0434516382
1503.7159133628,89.9661200651
1505.1439436699,89.7509558096
1506.5719739770,89.4120089324
1508.0000042841,90.0284354013
1509.4280345912,92.1262473648
1510.8560648983,93.1908307875
1512.2840952054,93.0349129229
1513.7121255124,93.4770571414
1515.1401558195,93.9703736339
1516.5681861266,93.0843880567
1517.9962164337,92.9480110429
1519.4242467408,93.6217749289
1520.8522770479,92.9666409276
1522.2803073550,92.1370760079
1523.7083376621,93.1222995129
1525.1363679691,92.8665845699
1526.5643982762,92.1694114129
1527.9924285833,92.8373673500
1529.4204588904,92.9604713297
1530.8484891975,92.9470285267
1532.2765195046,93.3254513666
1533.7045498117,92.5056195522
1535.1325801187,92.5995835135
1536.5606104258,93.2676785445
1537.9886407329,93.0392920595
1539.4166710400,92.2962977628
1540.8447013471,92.0770401063
1542.2727316542,91.6819873528
1543.7007619613,92.1808970195
1545.1287922684,91.7735692288
1546.5568225754,91.8089463387
1547.9848528825,92.6652603630
1549.4128831896,92.2304809458
1550.8409134967,91.5637198756
1552.2689438038,92.3751240768
1553.6969741109,92.1552864307
1555.1250044180,91.5048710587
1556.5530347251,92.1035586031
1557.9810650321,92.1318210560
1559.4090953392,88.2530974090
1560.8371256463,90.3468520919
1562.2651559534,91.2280093930
1563.6931862605,91.5915254683
1565.1212165676,91.0704749350
1566.5492468747,91.4504527519
1567.9772771818,91.8335169712
1569.4053074888,90.7309364356
1570.8333377959,90.8128819042
1572.2613681030,91.1902572446
1573.6893984101,90.8904023604
1575.1174287172,90.6562517564
1576.5454590243,89.6417809688
1577.9734893314,89.8351617920
1579.4015196385,90.4497684933
1580.8295499455,90.4394517896
1582.2575802526,90.8254944400
1583.6856105597,91.3812145159
1585.1136408668,91.3193119250
1586.5416711739,91.3753903005
1587.9697014810,91.4500989428
1589.3977317881,91.3430665919
1590.8257620951,91.4411180361
1592.2537924022,91.3231474440
1593.6818227093,91.1661426488
1595.1098530164,91.0989804355
1596.5378833235,90.9315102513
1597.9659136306,91.0051970378
1599.3939439377,90.8429373395
1600.8219742448,90.5859197634
1602.2500045518,90.6622164989
1603.6780348589,90.4244294403
1605.1060651660,90.3393920331
1606.5340954731,90.3185944541
1607.9621257802,89.7928602853
1609.3901560873,89.7830518248
1610.8181863944,89.7074798917
1612.2462167015,89.2683422953
1613.6742470085,89.5245187461
1615.1022773156,89.5324428162
1616.5303076227,88.8348767332
1617.9583379298,88.8982678088
1619.3863682369,89.0130658415
1620.8143985440,89.1925697921
1622.2424288511,88.9169261207
1623.6704591582,88.1331069932
1625.0984894652,88.6079044083
1626.5265197723,88.5605093530
1627.9545500794,87.8452226562
1629.3825803865,88.0709488942
1630.8106106936,88.1682121434
1632.2386410007,88.0070711637
1633.6666713078,87.9458438124
1635.0947016149,87.2303519225
1636.5227319219,86.3422374793
1637.9507622290,86.7647307007
1639.3787925361,86.8915644685
1640.8068228432,86.6971258787
1642.2348531503,86.6015783111
1643.6628834574,86.9755747230
1645.0909137645,86.7775660704
1646.5189440715,85.7932983536
1647.9469743786,85.8220174169
1649.3750046857,85.9782132338
1650.8030349928,86.3939911866
1652.2310652999,87.1631793139
1653.6590956070,82.4905650240
1655.0871259141,85.0124163256
1656.5151562212,85.8759125894
1657.9431865282,85.4430938770
1659.3712168353,85.6652946667
1660.7992471424,85.7311607765
1662.2272774495,84.8685587530
1663.6553077566,84.5357451251
1665.0833380637,84.4434832632
1666.5113683708,84.3444313322
1667.9393986779,84.1091526168
1669.3674289849,83.3088153856
1670.7954592920,83.0120906857
1672.2234895991,82.7202022038
1673.6515199062,82.6976174136
1675.0795502133,82.4310030122
1676.5075805204,81.0652506580
1677.9356108275,81.7016344754
1679.3636411346,81.8315136796
1680.7916714416,79.9354580522
1682.2197017487,80.6164846374
1683.6477320558,81.4674276145
1685.0757623629,77.5307568809
1686.5037926700,79.3773585227
1687.9318229771,79.1563855763
1689.3598532842,77.6407635959
1690.7878835913,77.9511831644
1692.2159138983,76.7298704214
1693.6439442054,76.1501616200
1695.0719745125,76.7949092923
1696.5000048196,72.2230612308
1697.9280351267,72.7633005204
1699.3560654338,73.4900640272
1700.7840957409,65.5098823757
1702.2121260480,68.3619064412
1703.6401563550,67.8068157864
1705.0681866621,64.7421870696
1706.4962169692,64.7820363520
1707.9242472763,63.5153515114
1709.3522775834,62.3583649352
1710.7803078905,62.8185618180
1712.2083381976,62.0316430536
1713.6363685046,62.5259752310
1715.0643988117,63.9962995689
1716.4924291188,63.6457901926
1717.9204594259,65.2439993091
1719.3484897330,66.9735576038
1720.7765200401,67.8723426945
1722.2045503472,69.9434482951
1723.6325806543,71.1799492653
1725.0606109613,72.1129907112
1726.4886412684,74.3656565040
1727.9166715755,75.6999634719
1729.3447018826,76.8119627793
1730.7727321897,78.8420101373
1732.2007624968,80.0345636573
1733.6287928039,81.4278990283
1735.0568231110,82.5510871146
1736.4848534180,84.0673217938
1737.9128837251,86.5230511657
1739.3409140322,87.5288470808
1740.7689443393,88.2049412933
1742.1969746464,90.8535209886
1743.6250049535,91.4025172225
1745.0530352606,92.1507425473
1746.4810655677,94.2845061996
1747.9090958747,93.8175405196
1749.3371261818,94.4509929710
1750.7651564889,95.6646009614
1752.1931867960,94.4518706759
1753.6212171031,95.7272217108
1755.0492474102,96.2513123033
1756.4772777173,95.3259257754
1757.9053080244,96.1830819291
1759.3333383314,96.0978594969
1760.7613686385,95.9884687418
1762.1893989456,96.3788133933
1763.6174292527,95.5615699850
1765.0454595598,96.2623944502
1766.4734898669,96.6541933331
1767.9015201740,95.5487747894
1769.3295504810,96.4683917710
1770.7575807881,96.5351573635
1772.1856110952,95.1879604586
1773.6136414023,96.1299401526
1775.0416717094,96.0250624807
1776.4697020165,95.9025403428
1777.8977323236,96.3180846428
1779.3257626307,96.0042348779
1780.7537929377,96.0575987946
1782.1818232448,96.0689577507
1783.6098535519,95.9065943267
1785.0378838590,96.1178214004
1786.4659141661,95.7750797557
1787.8939444732,95.8814165655
1789.3219747803,96.1742922935
1790.7500050874,95.7128950522
1792.1780353944,95.6280538836
1793.6060657015,95.5094387936
1795.0340960086,95.5563172405
1796.4621263157,95.9974940663
1797.8901566228,95.6647285796
1799.3181869299,95.8023109742
1800.7462172370,95.9842167836
1802.1742475441,95.2072300563
1803.6022778511,95.6088814227
1805.0303081582,95.7010033609
1806.4583384653,95.2795058832
1807.8863687724,95.8658676021
1809.3143990795,95.5990587314
1810.7424293866,95.2004022450
1812.1704596937,95.7316347107
1813.5984900008,95.4280492071
1815.0265203078,95.5365894115
1816.4545506149,95.7047657338
1817.8825809220,95.2181512103
1819.3106112291,95.6912721545
1820.7386415362,95.5549006679
1822.1666718433,95.2902986698
1823.5947021504,95.8736441461
1825.0227324575,94.9476836017
1826.4507627645,95.0249313570
1827.8787930716,95.9797776376
1829.3068233787,94.9966389477
1830.7348536858,94.8478839072
1832.1628839929,95.6043558601
1833.5909143000,95.2801753400
1835.0189446071,95.4636461131
1836.4469749141,95.5423711254
1837.8750052212,95.3173884413
1839.3030355283,95.4805129821
1840.7310658354,95.3978529998
1842.1590961425,95.5870031498
1843.5871264496,95.1932799181
1845.0151567567,94.6542708492
1846.4431870638,95.5669877776
1847.8712173708,95.3866726909
1849.2992476779,95.0632814648
1850.7272779850,95.7517512027
1852.1553082921,95.4622492895
1853.5833385992,95.4402590220
1855.0113689063,95.7381110743
1856.4393992134,95.2696158775
1857.8674295205,95.5496966204
1859.2954598275,95.5080544579
1860.7234901346,95.2426399839
1862.1515204417,95.8165871684
1863.5795507488,95.3963872612
1865.0075810559,95.3348822605
1866.4356113630,95.9112503729
1867.8636416701,95.1199671410
1869.2916719772,95.1090011408
1870.7197022842,95.5132819349
1872.1477325913,95.2913355607
1873.5757628984,95.7208558381
1875.0037932055,95.3449076538
1876.4318235126,95.2275441324
1877.8598538197,95.9896348972
1879.2878841268,95.3489111317
1880.7159144339,95.2786678178
1882.1439447409,95.8326560315
1883.5719750480,95.2680462965
1885.0000053551,95.5059410237
1886.4280356622,95.8042697036
1887.8560659693,95.4391232882
1889.2840962764,95.4244000840
1890.7121265835,95.0811679300
1892.1401568905,95.3280173330
1893.5681871976,95.5092506729
1894.9962175047,94.9412596981
1896.4242478118,95.5204820547
1897.8522781189,95.5658943254
1899.2803084260,95.1057005675
1900.7083387331,95.7226979987
1902.1363690402,95.3551756442
1903.5643993472,95.1204358120
1904.9924296543,95.5685000791
1906.4204599614,95.0829276212
1907.8484902685,95.5199716674
1909.2765205756,95.6414962475
1910.7045508827,94.7801798768
1912.1325811898,95.4288920196
1913.5606114969,95.3114054870
1914.9886418039,95.0512161825
1916.4166721110,95.9548376532
1917.8447024181,95.0038177426
1919.2727327252,94.5630857738
1920.7007630323,95.2076068026
1922.1287933394,94.4991091123
1923.5568236465,94.8258010626
1924.9848539536,95.2238194864
1926.4128842606,94.6386215049
1927.8409145677,94.9300717393
1929.2689448748,94.8553683007
1930.6969751819,95.0803536937
1932.1250054890,95.4851470083
1933.5530357961,94.5772142350
1934.9810661032,95.0840120468
1936.4090964103,95.4349243956
1937.8371267173,94.4658169806
1939.2651570244,95.1711577124
1940.6931873315,95.1937784148
1942.1212176386,94.3521768876
1943.5492479457,94.5265770607
1944.9772782528,93.9993293138
1946.4053085599,94.6802167925
1947.8333388670,95.3410305210
1949.2613691740,94.0168198064
1950.6893994811,94.7290929622
1952.1174297882,95.3306580695
1953.5454600953,94.1701823980
1954.9734904024,94.4269535732
1956.4015207095,94.4856906841
1957.8295510166,94.5998730195
1959.2575813236,95.2778117712
1960.6856116307,94.6324672018
1962.1136419378,95.0529059333
1963.5416722449,95.2633104038
1964.9697025520,94.5189953798
1966.3977328591,95.0093595264
1967.8257631662,94.5112407487
1969.2537934733,94.5721766790
1970.6818237803,95.3006910620
1972.1098540874,94.3823460555
1973.5378843945,94.9796391866
1974.9659147016,95.3340541391
1976.3939450087,95.0424153897
1977.8219753158,96.4013843562
1979.2500056229,94.3742768073
1980.6780359300,93.2019699541
1982.1060662370,94.5909372868
1983.5340965441,94.0601193461
1984.9621268512,94.3912701633
1986.3901571583,94.7165726239
1987.8181874654,92.9999663825
1989.2462177725,94.3438271907
1990.6742480796,96.4872118816
1992.1022783867,95.9834774800
1993.5303086937,95.4736041080
1994.9583390008,94.4751749092
1996.3863693079,94.5366357395
1997.8143996150,95.8632282491
1999.2424299221,95.3476512104
2000.6704602292,94.9569354646
2002.0984905363,94.9829224115
2003.5265208434,94.8113354436
2004.9545511504,95.6160681270
2006.3825814575,95.2138324907
2007.8106117646,94.4571876896
2009.2386420717,95.1962711038
2010.6666723788,95.6134241258
2012.0947026859,95.4469002650
2013.5227329930,95.1365594549
2014.9507633000,95.7186737089
2016.3787936071,96.0389501872
2017.8068239142,94.6570272394
2019.2348542213,95.3144017467
2020.6628845284,95.5915085310
2022.0909148355,94.1286824138
2023.5189451426,95.5265257604
2024.9469754497,96.2240659779
2026.3750057567,94.7401223433
2027.8030360638,94.6439044994
2029.2310663709,94.5414072872
2030.6590966780,95.7077410613
2032.0871269851,95.9003136997
2033.5151572922,93.5517032549
2034.9431875993,94.7622209008
2036.3712179064,95.3625247434
2037.7992482134,94.1472201646
2039.2272785205,95.9800030885
2040.6553088276,95.6910303452
2042.0833391347,94.3119469227
2043.5113694418,95.3438956227
2044.9393997489,94.7045512816
2046.3674300560,94.6477638645
2047.7954603631,95.2934787870
2049.2234906701,93.9796579518
2050.6515209772,94.3710414718
2052.0795512843,95.2571799774
2053.5075815914,95.1612432528
2054.9356118985,95.3277247515
2056.3636422056,94.3389955119
2057.7916725127,93.9318188528
2059.2197028198,94.5775779924
2060.6477331268,94.3726752444
2062.0757634339,94.6816525812
2063.5037937410,94.8151600087
2064.9318240481,94.3343915195
2066.3598543552,94.7722288380
2067.7878846623,94.7074027559
2069.2159149694,94.6649044114
2070.6439452765,94.8431767156
2072.0719755835,94.1846930849
2073.5000058906,94.5563279590
2074.9280361977,94.8399072021
2076.3560665048,94.2483680249
2077.7840968119,94.6144128293
2079.2121271190,94.4283373655
2080.6401574261,94.2567890990
2082.0681877331,94.8043171966
2083.4962180402,94.2539747813
2084.9242483473,94.4285413508
2086.3522786544,94.9467629328
2087.7803089615,94.1848985119
2089.2083392686,94.4667525078
2090.6363695757,94.6505906557
2092.0643998828,94.0275314024
2093.4924301898,94.5156649058
2094.9204604969,94.4745854972
2096.3484908040,94.3131944475
2097.7765211111,94.8062776204
2099.2045514182,94.2031029132
2100.6325817253,94.2151214259
2102.0606120324,94.6008755577
2103.4886423395,94.0383341895
2104.9166726465,94.3827492209
2106.3447029536,94.5776828898
2107.7727332607,94.1317979899
2109.2007635678,94.5210904142
2110.6287938749,94.5567736460
2112.0568241820,94.3435739328
2113.4848544891,94.3621615777
2114.9128847962,94.0156705621
2116.3409151032,94.1051029873
2117.7689454103,94.2182513281
2119.1969757174,94.0447805372
2120.6250060245,94.1723121226
2122.0530363316,94.2636439004
2123.4810666387,94.7746049106
2124.9090969458,94.9355845055
2126.3371272529,94.0821983771
2127.7651575599,94.2294717222
2129.1931878670,94.6430467527
2130.6212181741,94.3616597941
2132.0492484812,94.5112517801
2133.4772787883,94.5359792687
2134.9053090954,94.8350151853
2136.3333394025,94.9552937861
2137.7613697095,94.1872010909
2139.1894000166,94.6777240349
2140.6174303237,94.5950817183
2142.0454606308,93.9248903936
2143.4734909379,95.1712938684
2144.9015212450,95.1396787772
2146.3295515521,94.3953887683
2147.7575818592,94.5945033449
2149.1856121662,94.0617455866
2150.6136424733,95.6578002320
2152.0416727804,96.1080136378
2153.4697030875,93.4090472999
2154.8977333946,95.0152864867
2156.3257637017,96.2774882829
2157.7537940088,93.5576941813
2159.1818243159,93.7542143478
2160.6098546229,93.2123219517
2162.0378849300,93.4627969585
2163.4659152371,95.3367404393
2164.8939455442,93.8700534928
2166.3219758513,93.9215448049
2167.7500061584,95.2545772936
2169.1780364655,94.6531413285
2170.6060667726,94.8910409262
2172.0340970796,94.2600365900
2173.4621273867,93.9591118800
2174.8901576938,95.5386587370
2176.3181880009,94.5885146918
2177.7462183080,93.5248595832
2179.1742486151,93.8700070178
2180.6022789222,93.8052555131
2182.0303092293,95.0154522821
2183.4583395363,95.2996476697
2184.8863698434,94.1830802873
2186.3144001505,94.8100388204
2187.7424304576,95.2299144146
2189.1704607647,95.0109525710
2190.5984910718,94.9044465381
2192.0265213789,94.6979424813
2193.4545516860,95.4040526332
2194.8825819930,95.1478432261
2196.3106123001,94.3011660965
2197.7386426072,94.9279139745
2199.1666729143,95.1087629593
2200.5947032214,94.8901973333
2202.0227335285,94.9819076204
2203.4507638356,94.8361072441
2204.8787941426,95.0348567996
2206.3068244497,94.5015044478
2207.7348547568,94.5855895860
2209.1628850639,95.6927231055
2210.5909153710,94.5999294999
2212.0189456781,93.8624817208
2213.4469759852,94.7817275544
2214.8750062923,94.8080411715
2216.3030365993,95.1009295842
2217.7310669064,94.8282030059
2219.1590972135,93.7337344128
2220.5871275206,93.9862913471
2222.0151578277,93.7910991249
2223.4431881348,93.8416028215
2224.8712184419,94.7282802872
2226.2992487490,94.2255720199
2227.7272790560,94.4030925481
2229.1553093631,94.7213002441
2230.5833396702,93.8727102701
2232.0113699773,94.5465123298
2233.4394002844,94.7319463676
2234.8674305915,93.9253801030
2236.2954608986,94.4267515023
2237.7234912057,93.9647552002
2239.1515215127,93.5640025824
2240.5795518198,94.4810247595
2242.0075821269,94.3517307163
2243.4356124340,94.2699834740
2244.8636427411,94.2987431203
2246.2916730482,93.9578779020
2247.7197033553,94.6671696142
2249.1477336624,94.5354670927
2250.5757639694,93.9902929837
2252.0037942765,94.8319873091
2253.4318245836,94.6965868838
2254.8598548907,94.2844390405
2256.2878851978,94.3228856227
2257.7159155049,93.7567950958
2259.1439458120,94.1186440761
2260.5719761190,94.4077230104
2262.0000064261,93.9384818138
2263.4280367332,94.3290906860
2264.8560670403,94.2266574453
2266.2840973474,93.8070446390
2267.7121276545,94.2397409996
2269.1401579616,94.3003936920
2270.5681882687,94.3399353908
2271.9962185757,94.5441014428
2273.4242488828,94.3549270661
2274.8522791899,94.3233430573
2276.2803094970,94.2189747389
2277.7083398041,94.1686494912
2279.1363701112,94.1254573105
2280.5644004183,93.8546711858
2281.9924307254,94.0219046156
2283.4204610324,93.8203867573
2284.8484913395,93.5137963663
2286.2765216466,94.1480609759
2287.7045519537,94.0874218237
2289.1325822608,93.6162931783
2290.5606125679,93.9565267302
2291.9886428750,93.8593597911
2293.4166731821,93.7513525152
2294.8447034891,93.5282499067
2296.2727337962,93.7396094459
2297.7007641033,93.6930755087
2299.1287944104,93.7441731339
2300.5568247175,93.5962009101
2301.9848550246,93.6879307888
2303.4128853317,93.8203367237
2304.8409156388,93.8176024504
2306.2689459458,93.8360626293
2307.6969762529,93.6059563620
2309.1250065600,93.6026037053
2310.5530368671,93.8202488490
2311.9810671742,93.8285743180
2313.4090974813,93.8560331963
2314.8371277884,93.6809274608
2316.2651580955,93.4944487261
2317.6931884025,93.5374924639
2319.1212187096,93.3882168512
2320.5492490167,93.3444346845
2321.9772793238,93.2977986870
2323.4053096309,93.0010406377
2324.8333399380,93.1357584055
2326.2613702451,93.3659338244
2327.6894005521,93.2335509712
2329.1174308592,93.1012399134
2330.5454611663,93.0953070948
2331.9734914734,93.2630981243
2333.4015217805,93.3759726256
2334.8295520876,93.3286853194
2336.2575823947,93.4013593887
2337.6856127018,93.2543531763
2339.1136430088,93.1857222792
2340.5416733159,93.4634691470
2341.9697036230,93.3827230225
2343.3977339301,93.2962024492
2344.8257642372,93.2238348326
2346.2537945443,92.8856626193
2347.6818248514,93.1063048511
2349.1098551585,93.4370324596
2350.5378854655,93.5087763269
2351.9659157726,93.7028702183
2353.3939460797,93.6904620737
2354.8219763868,93.4568731594
2356.2500066939,93.4127324480
2357.6780370010,93.2954411907
2359.1060673081,93.3155039155
2360.5340976152,93.4585211010
2361.9621279222,93.4025486619
2363.3901582293,93.4743349943
2364.8181885364,93.3410550690
2366.2462188435,93.2264286111
2367.6742491506,93.4532529570
2369.1022794577,93.3527032706
2370.5303097648,93.2879654436
2371.9583400719,93.4197281840
2373.3863703789,93.3171618039
2374.8144006860,93.4000180497
2376.2424309931,93.4650494450
2377.6704613002,93.3599458501
2379.0984916073,93.4564446147
2380.5265219144,93.4597045643
2381.9545522215,93.5287220336
2383.3825825285,93.6918201927
2384.8106128356,93.5308148995
2386.2386431427,93.5633160432
2387.6666734498,93.2692488921
2389.0947037569,93.7473637071
2390.5227340640,93.8155120824
2391.9507643711,93.9053178029
2393.3787946782,93.6989675999
2394.8068249852,93.7894550365
2396.2348552923,93.7939226922
2397.6628855994,93.7308852439
2399.0909159065,93.9599596199
2400.5189462136,93.9518988450
2401.9469765207,93.9933421040
2403.3750068278,94.1838346231
2404.8030371349,93.9262497557
2406.2310674419,93.6582950710
2407.6590977490,93.7410874945
2409.0871280561,93.8430834230
2410.5151583632,93.7272738051
2411.9431886703,93.5489225028
2413.3712189774,93.7487093504
2414.7992492845,93.9504319656
2416.2272795916,93.7406538810
2417.6553098986,93.6084055669
2419.0833402057,93.6135538441
2420.5113705128,93.6898545660
2421.9394008199,93.8618495389
2423.3674311270,93.8595300511
2424.7954614341,93.8507623625
2426.2234917412,93.7862974931
2427.6515220483,93.6392088206
2429.0795523553,93.7924272451
2430.5075826624,93.8225002176
2431.9356129695,93.6341892683
2433.3636432766,93.6401384713
2434.7916735837,93.5458364143
2436.2197038908,93.5423789600
2437.6477341979,93.7509584875
2439.0757645050,93.7063180605
2440.5037948120,93.7132278352
2441.9318251191,93.7948338082
2443.3598554262,93.6335495542
2444.7878857333,93.5550879857
2446.2159160404,93.6458495399
2447.6439463475,93.7454445722
2449.0719766546,93.6956658249
2450.5000069616,93.6034036691
2451.9280372687,93.8163238725
2453.3560675758,93.8025713769
2454.7840978829,93.4494562409
2456.2121281900,93.4636107191
2457.6401584971,93.5493434181
2459.0681888042,93.5289298779
2460.4962191113,93.6996394670
2461.9242494183,93.7168091661
2463.3522797254,93.6190075776
2464.7803100325,93.6490117355
2466.2083403396,93.6786369454
2467.6363706467,93.6443234285
2469.0644009538,93.5515067285
2470.4924312609,93.7291442477
2471.9204615680,93.9380417869
2473.3484918750,93.6388472299
2474.7765221821,93.5079073858
2476.2045524892,93.6089428360
2477.6325827963,93.4367270892
2479.0606131034,93.5282349086
2480.4886434105,93.7838060542
2481.9166737176,93.7597719596
2483.3447040247,93.5891071734
2484.7727343317,93.2287976637
2486.2007646388,93.2801516582
2487.6287949459,93.6710569814
2489.0568252530,93.4339874407
2490.4848555601,93.2571332545
2491.9128858672,93.5096227552
2493.3409161743,93.4483845331
2494.7689464814,93.3981687358
2496.1969767884,93.4000712716
2497.6250070955,93.2960931099
2499.0530374026,93.5425912014
2500.4810677097,93.6340828058
2501.9090980168,93.3846867391
2503.3371283239,93.4534195638
2504.7651586310,93.5113512218
2506.1931889380,93.3362728135
2507.6212192451,93.3380374932
2509.0492495522,93.3585688597
2510.4772798593,93.2847610055
2511.9053101664,93.3200439932
2513.3333404735,93.3444526025
2514.7613707806,93.3165990684
2516.1894010877,93.3474631839
2517.6174313947,93.2628811772
2519.0454617018,93.2142104676
2520.4734920089,93.4887616642
2521.9015223160,93.5259006975
2523.3295526231,93.2328957693
2524.7575829302,93.3242271380
2526.1856132373,93.5321473424
2527.6136435444,93.5109658716
2529.0416738514,93.4289948583
2530.4697041585,93.1716132231
2531.8977344656,93.1999632539
2533.3257647727,93.4620227114
2534.7537950798,93.2799307878
2536.1818253869,93.2969079691
2537.6098556940,93.5612848023
2539.0378860011,93.3776961999
2540.4659163081,93.3222496637
2541.8939466152,93.3661496255
2543.3219769223,93.2046916921
2544.7500072294,93.3093601591
2546.1780375365,93.2989985990
2547.6060678436,93.1405771105
2549.0340981507,93.2746413750
2550.4621284578,93.2418473416
2551.8901587648,93.1527174661
2553.3181890719,93.2323102072
2554.7462193790,93.2165269087
2556.1742496861,93.3462692773
2557.6022799932,93.3845533604
2559.0303103003,93.1484147339
2560.4583406074,93.1665520532
2561.8863709144,93.2610709174
2563.3144012215,93.2641731161
2564.7424315286,93.2859918765
2566.1704618357,93.1144802149
2567.5984921428,93.1133343712
2569.0265224499,93.3581385930
2570.4545527570,93.3174540482
2571.8825830641,93.2232840450
2573.3106133711,93.3016795967
2574.7386436782,93.2683052463
2576.1666739853,93.1749210954
2577.5947042924,93.2221796763
2579.0227345995,93.2716065020
2580.4507649066,93.1767783967
2581.8787952137,93.2066192235
2583.3068255208,93.3191945727
2584.7348558278,93.1300963276
2586.1628861349,93.0375168852
2587.5909164420,93.3050625812
2589.0189467491,93.4242784412
2590.4469770562,93.3028167771
2591.8750073633,93.1465658228
2593.3030376704,93.0991969072
2594.7310679775,93.1611085638
2596.1590982845,93.1241605136
2597.5871285916,93.2038473475
2599.0151588987,93.3684123106
2600.4431892058,93.2360682810
2601.8712195129,93.1725228619
2603.2992498200,93.2488646631
2604.7272801271,93.1419334495
2606.1553104342,93.1094032539
2607.5833407412,93.1397850990
2609.0113710483,93.0906358746
2610.4394013554,93.0762978900
2611.8674316625,93.0856879721
2613.2954619696,93.2351404166
2614.7234922767,93.3032964833
2616.1515225838,93.0941751564
2617.5795528909,93.0373083486
2619.0075831979,93.0601549700
2620.4356135050,93.0405306553
2621.8636438121,93.1491420868
2623.2916741192,93.1128198247
2624.7197044263,93.1088190491
2626.1477347334,93.2472443262
2627.5757650405,93.0901668014
2629.0037953475,93.0308980085
2630.4318256546,93.1815941385
2631.8598559617,93.0596596265
2633.2878862688,93.0147531313
2634.7159165759,93.0679464197
2636.1439468830,92.8887199857
2637.5719771901,92.8204546769
2639.0000074972,92.8533669306
2640.4280378042,92.7980762920
2641.8560681113,92.8505128917
2643.2840984184,92.9182616297
2644.7121287255,92.8984881483
2646.1401590326,92.9011440020
2647.5681893397,92.9012743044
2648.9962196468,92.8656894551
2650.4242499539,92.8202509306
2651.8522802609,92.8438102943
2653.2803105680,92.9299806728
2654.7083408751,92.9374150977
2656.1363711822,92.8824600918
2657.5644014893,92.8577032215
2658.9924317964,92.8435350560
2660.4204621035,92.8215036136
2661.8484924106,92.8687597331
2663.2765227176,92.9499088503
2664.7045530247,92.8451207140
2666.1325833318,92.7356693505
2667.5606136389,92.9018284237
2668.9886439460,92.9915410728
2670.4166742531,92.8988037542
2671.8447045602,92.8893622522
2673.2727348673,92.8530083109
2674.7007651743,92.8416487122
2676.1287954814,92.8907930465
2677.5568257885,92.8375226797
2678.9848560956,92.8620031811
2680.4128864027,92.8535492879
2681.8409167098,92.7335097113
2683.2689470169,92.8334483537
2684.6969773239,92.8445943101
2686.1250076310,92.6806286757
2687.5530379381,92.7687607205
2688.9810682452,92.7766030127
2690.4090985523,92.6363139225
2691.8371288594,92.6866315284
2693.2651591665,92.6391012574
2694.6931894736,92.5587867537
2696.1212197806,92.6713793791
2697.5492500877,92.6501617102
2698.9772803948,92.5597212970
2700.4053107019,92.6173195843
2701.8333410090,92.6481038386
2703.2613713161,92.5954728079
2704.6894016232,92.5112436444
2706.1174319303,92.4781804369
2707.5454622373,92.5605634083
2708.9734925444,92.5862550838
2710.4015228515,92.5116012704
2711.8295531586,92.5457198421
2713.2575834657,92.6060853549
2714.6856137728,92.4579937423
2716.1136440799,92.3546194759
2717.5416743870,92.4664660991
2718.9697046940,92.4220203524
2720.3977350011,92.3257997991
2721.8257653082,92.4691693236
2723.2537956153,92.4664398298
2724.6818259224,92.2771877235
2726.1098562295,92.2629682062
2727.5378865366,92.3152970948
2728.9659168437,92.2860948981
2730.3939471507,92.2111739062
2731.8219774578,92.2111065011
2733.2500077649,92.3026173983
2734.6780380720,92.2654213082
2736.1060683791,92.2496989807
2737.5340986862,92.3537012953
2738.9621289933,92.3048258513
2740.3901593004,92.2720559962
2741.8181896074,92.3045393113
2743.2462199145,92.2616685186
2744.6742502216,92.3367520174
2746.1022805287,92.3182881940
2747.5303108358,92.2111877422
2748.9583411429,92.3593657271
2750.3863714500,92.3726253114
2751.8144017570,92.2257589625
2753.2424320641,92.2410986930
2754.6704623712,92.1796392521
2756.0984926783,92.1981890195
2757.5265229854,92.3279416623
2758.9545532925,92.2076039194
2760.3825835996,92.1247119594
2761.8106139067,92.1847098988
2763.2386442137,92.1908427348
2764.6666745208,92.2066216874
2766.0947048279,92.1500756117
2767.5227351350,92.1548213680
2768.9507654421,92.2475893449
2770.3787957492,92.1208388425
2771.8068260563,91.9661693253
2773.2348563634,91.9179792273
2774.6628866704,91.9271110435
2776.0909169775,92.0707534850
2777.5189472846,92.0981306979
2778.9469775917,92.0448813344
2780.3750078988,92.0847545341
2781.8030382059,92.0102825995
2783.2310685130,91.9737711968
2784.6590988201,91.9805395083
2786.0871291271,91.8715839103
2787.5151594342,91.8691444426
2788.9431897413,91.7969852755
2790.3712200484,91.7146725000
2791.7992503555,91.8882969599
2793.2272806626,91.8035507614
2794.6553109697,91.6029370184
2796.0833412768,91.7546872884
2797.5113715838,91.7635625568
2798.9394018909,91.6072758489
2800.3674321980,91.5763762041
2801.7954625051,91.4934433566
2803.2234928122,91.5136232909
2804.6515231193,91.6269297146
2806.0795534264,91.5336762413
2807.5075837334,91.3932982001
2808.9356140405,91.4008348043
2810.3636443476,91.4476704963
2811.7916746547,91.3356692140
2813.2197049618,91.1990485693
2814.6477352689,91.2605228039
2816.0757655760,91.2263943804
2817.5037958831,91.0937557576
2818.9318261901,91.1454053305
2820.3598564972,91.0938555601
2821.7878868043,90.9241399252
2823.2159171114,90.9441200280
2824.6439474185,90.9768156353
2826.0719777256,90.8750505165
2827.5000080327,90.7535823749
2828.9280383398,90.7132374189
2830.3560686468,90.7146062114
2831.7840989539,90.6204480018
2833.2121292610,90.4833629265
2834.6401595681,90.3427140787
2836.0681898752,90.2316237463
2837.4962201823,90.2013421001
2838.9242504894,90.0384502873
2840.3522807965,89.8352340624
2841.7803111035,89.7079585052
2843.2083414106,89.3642996123
2844.6363717177,89.0371793468
2846.0644020248,88.8044966919
2847.4924323319,88.3012665584
2848.9204626390,87.9292183797
2850.3484929461,87.8816544892
2851.7765232532,87.8321752811
2853.2045535602,87.9285376492
2854.6325838673,88.0612468207
2856.0606141744,88.0409318264
2857.4886444815,88.1013755123
2858.9166747886,88.1019983547
2860.3447050957,88.0713616954
2861.7727354028,88.2145206285
2863.2007657099,88.2410332049
2864.6287960169,88.1609658814
2866.0568263240,88.1900458624
2867.4848566311,88.1993726488
2868.9128869382,88.1150130041
2870.3409172453,87.9966593410
2871.7689475524,87.9443248446
2873.1969778595,87.9366406928
2874.6250081665,87.9588552916
2876.0530384736,88.0863469155
2877.4810687807,88.0479770288
2878.9090990878,87.8486071090
2880.3371293949,87.8801694943
2881.7651597020,87.9641854011
2883.1931900091,87.9676972247
2884.6212203162,87.9706663684
2886.0492506232,87.8158987127
2887.4772809303,87.7275198959
2888.9053112374,87.7124807903
2890.3333415445,87.5113655177
2891.7613718516,87.4536776440
2893.1894021587,87.4510175953
2894.6174324658,87.2789331699
2896.0454627729,87.3442948550
2897.4734930799,87.3622599036
2898.9015233870,87.0555166459
2900.3295536941,87.0226380932
2901.7575840012,87.1362713724
2903.1856143083,86.9543768488
2904.6136446154,86.8243178345
2906.0416749225,86.8837342949
2907.4697052296,86.9361195869
2908.8977355366,87.0200492254
2910.3257658437,87.0663338862
2911.7537961508,86.9747608995
2913.1818264579,86.8849801331
2914.6098567650,86.8007414448
2916.0378870721,86.6431425610
2917.4659173792,86.7123763582
2918.8939476863,87.0997194779
2920.3219779933,87.3717853829
2921.7500083004,87.4516519253
2923.1780386075,87.5945165382
2924.6060689146,87.8221372222
2926.0340992217,88.0974061080
2927.4621295288,88.2758477980
2928.8901598359,88.3752771532
2930.3181901429,88.5844883773
2931.7462204500,88.7414038816
2933.1742507571,88.9234131429
2934.6022810642,89.2224469744
2936.0303113713,89.2581556172
2937.4583416784,89.1800999151
2938.8863719855,89.2332583852
2940.3144022926,89.2852843570
2941.7424325996,89.4139800976
2943.1704629067,89.4404961924
2944.5984932138,89.3372701203
2946.0265235209,89.4690156239
2947.4545538280,89.5754356196
2948.8825841351,89.4621313368
2950.3106144422,89.4182330212
2951.7386447493,89.4325311870
2953.1666750563,89.3683759392
2954.5947053634,89.2345393168
2956.0227356705,89.3251958216
2957.4507659776,89.5607142547
2958.8787962847,89.3198659269
2960.3068265918,89.0452537827
2961.7348568989,89.2748171701
2963.1628872060,89.3644062896
2964.5909175130,89.2137686774
2966.0189478201,89.2101207228
2967.4469781272,89.3631693030
2968.8750084343,89.5958066911
2970.3030387414,89.6597468590
2971.7310690485,89.8255478806
2973.1590993556,90.2884700634
2974.5871296627,90.4922800887
2976.0151599697,90.7157881289
2977.4431902768,91.1108613136
2978.8712205839,91.1413045482
2980.2992508910,91.3147144631
2981.7272811981,91.6074673719
2983.1553115052,91.4917240323
2984.5833418123,91.5862009100
2986.0113721194,91.7810355470
2987.4394024264,91.6465479135
2988.8674327335,91.6504804416
2990.2954630406,91.7531422935
2991.7234933477,91.8753448369
2993.1515236548,92.1163928208
2994.5795539619,92.1471739396
2996.0075842690,92.0333132022
2997.4356145760,91.9305793357
2998.8636448831,91.9252710397
3000.2916751902,92.0965467150
3001.7197054973,92.0876319962
3003.1477358044,91.9751345303
3004.5757661115,91.9710971713
3006.0037964186,91.9005676894
3007.4318267257,91.9746336256
3008.8598570327,92.0771953404
3010.2878873398,91.9804892796
3011.7159176469,92.0612010703
3013.1439479540,92.1434041254
3014.5719782611,92.0518847598
3016.0000085682,92.0902882335
3017.4280388753,92.1077929418
3018.8560691824,92.0379380674
3020.2840994894,91.9925009881
3021.7121297965,92.0739264835
3023.1401601036,92.3302268771
3024.5681904107,92.2822403763
3025.9962207178,92.0679817617
3027.4242510249,92.1740041394
3028.8522813320,92.1208725276
3030.2803116391,91.9226867914
3031.7083419461,91.9793894767
3033.1363722532,92.0022773334
3034.5644025603,91.9830930020
3035.9924328674,91.9796208483
3037.4204631745,91.9706394084
3038.8484934816,92.0460629060
3040.2765237887,91.8515616372
3041.7045540958,91.5996599179
3043.1325844028,91.7505974816
3044.5606147099,91.8470340687
3045.9886450170,91.7425464161
3047.4166753241,91.6884845888
3048.8447056312,91.5739010505
3050.2727359383,91.4061368896
3051.7007662454,91.3038164794
3053.1287965524,91.3891333192
3054.5568268595,91.4267092687
3055.9848571666,91.1586456161
3057.4128874737,91.1077885150
3058.8409177808,91.3226754816
3060.2689480879,91.3983572551
3061.6969783950,91.4657213396
3063.1250087021,91.3394854540
3064.5530390091,91.1058265329
3065.9810693162,91.2218497555
3067.4090996233,91.2658462278
3068.8371299304,91.0870231010
3070.2651602375,91.0374941019
3071.6931905446,91.1187096054
3073.1212208517,91.2240826352
3074.5492511588,91.0403453286
3075.9772814658,90.8535356804
3077.4053117729,91.0347232749
3078.8333420800,90.9621533185
3080.2613723871,90.8735283578
3081.6894026942,91.1014208745
3083.1174330013,90.9120568296
3084.5454633084,90.7280403108
3085.9734936155,90.8874831629
3087.4015239225,90.8208211510
3088.8295542296,90.8641232526
3090.2575845367,90.9392539951
3091.6856148438,90.7653458997
3093.1136451509,90.8307382549
3094.5416754580,90.8022884082
3095.9697057651,90.5602753390
3097.3977360722,90.6188777315
3098.8257663792,90.6826515739
3100.2537966863,90.5884937940
3101.6818269934,90.4539557895
3103.1098573005,90.4749199998
3104.5378876076,90.8027422647
3105.9659179147,90.7132673620
3107.3939482218,90.3587216245
3108.8219785289,90.5305229896
3110.2500088359,90.5673565339
3111.6780391430,90.3955764964
3113.1060694501,90.5270093790
3114.5340997572,90.4224809306
3115.9621300643,90.2654594429
3117.3901603714,90.3803986802
3118.8181906785,90.2900419382
3120.2462209855,90.2361299439
3121.6742512926,90.3221823720
3123.1022815997,90.2211795687
3124.5303119068,90.1443642268
3125.9583422139,90.0742927296
3127.3863725210,90.0252573567
3128.8144028281,90.2156076650
3130.2424331352,90.2307644929
3131.6704634422,89.9199126042
3133.0984937493,89.8141395096
3134.5265240564,90.0591331976
3135.9545543635,90.2288438275
3137.3825846706,90.1059384635
3138.8106149777,89.9539177083
3140.2386452848,89.8838592245
3141.6666755919,89.7993553201
3143.0947058989,89.7177689876
3144.5227362060,89.5911372984
3145.9507665131,89.5373522294
3147.3787968202,89.6366236641
3148.8068271273,89.5890029674
3150.2348574344,89.4374556805
3151.6628877415,89.3714944723
3153.0909180486,89.3102255640
3154.5189483556,89.2956890983
3155.9469786627,89.2672546054
3157.3750089698,89.2146166254
3158.8030392769,89.2232698914
3160.2310695840,89.1176561257
3161.6590998911,89.1290131453
3163.0871301982,89.2890327382
3164.5151605053,89.0048562156
3165.9431908123,88.6955866434
3167.3712211194,88.8329571304
3168.7992514265,88.7753667218
3170.2272817336,88.5753931056
3171.6553120407,88.6211976333
3173.0833423478,88.5720362146
3174.5113726549,88.5030544142
3175.9394029619,88.5516339208
3177.3674332690,88.4774246318
3178.7954635761,88.4272453145
3180.2234938832,88.3272684404
3181.6515241903,88.0332741312
3183.0795544974,87.9988487221
3184.5075848045,88.0976608433
3185.9356151116,87.9824434144
3187.3636454186,88.0259853507
3188.7916757257,87.9931509134
3190.2197060328,87.6644250086
3191.6477363399,87.7540746957
3193.0757666470,87.9219638037
3194.5037969541,87.6149224945
3195.9318272612,87.5077180882
3197.3598575683,87.4779470551
3198.7878878753,87.3089208511
3200.2159181824,87.4792637243
3201.6439484895,87.3005985984
3203.0719787966,86.8248627067
3204.5000091037,87.1311273649
3205.9280394108,87.3275454109
3207.3560697179,86.8124677730
3208.7841000250,86.6117225891
3210.2121303320,86.6667396784
3211.6401606391,86.6320939852
3213.0681909462,86.6512698808
3214.4962212533,86.5643624877
3215.9242515604,86.5574790690
3217.3522818675,86.5620581020
3218.7803121746,86.3857817901
3220.2083424817,86.3572615504
3221.6363727887,86.1621439846
3223.0644030958,85.7979684187
3224.4924334029,85.8523015611
3225.9204637100,85.8313550155
3227.3484940171,85.5542865061
3228.7765243242,85.5862004895
3230.2045546313,85.6180509427
3231.6325849384,85.4552258206
3233.0606152454,85.3617296947
3234.4886455525,85.2393917810
3235.9166758596,85.1480246481
3237.3447061667,85.1944182536
3238.7727364738,85.1909981151
3240.2007667809,84.9887341723
3241.6287970880,84.7015756761
3243.0568273950,84.5994234907
3244.4848577021,84.5664323124
3245.9128880092,84.4560032410
3247.3409183163,84.5043233401
3248.7689486234,84.6306253873
3250.1969789305,84.5195620489
3251.6250092376,84.1260426326
3253.0530395447,83.7976837153
3254.4810698517,83.8362903430
3255.9091001588,83.7394530946
3257.3371304659,83.4789381029
3258.7651607730,83.6358072146
3260.1931910801,83.6683289304
3261.6212213872,83.4224653485
3263.0492516943,83.4329448028
3264.4772820014,83.2147469334
3265.9053123084,82.9462951646
3267.3333426155,83.0589407243
3268.7613729226,82.9258768327
3270.1894032297,82.8723893467
3271.6174335368,83.0237436318
3273.0454638439,82.6620411700
3274.4734941510,82.5142801313
3275.9015244581,82.8143668758
3277.3295547651,82.7288272061
3278.7575850722,82.6744772418
3280.1856153793,82.8889470800
3281.6136456864,82.9315762066
3283.0416759935,82.8622969817
3284.4697063006,82.7858809366
3285.8977366077,82.7700316663
3287.3257669148,82.7670386180
3288.7537972218,82.7907715640
3290.1818275289,82.9186427506
3291.6098578360,82.7424790603
3293.0378881431,82.5259204331
3294.4659184502,82.6889525796
3295.8939487573,82.6801612968
3297.3219790644,82.7494475752
3298.7500093714,83.0157396554
3300.1780396785,82.7998359010
3301.6060699856,82.7879403835
3303.0341002927,83.1372332279
3304.4621305998,82.9170691441
3305.8901609069,82.7665475598
3307.3181912140,83.0728619501
3308.7462215211,83.0620817292
3310.1742518281,82.8939702925
3311.6022821352,82.9397743120
3313.0303124423,83.0150054000
3314.4583427494,82.9936917522
3315.8863730565,82.9531600758
3317.3144033636,83.1024565153
3318.7424336707,83.1947798221
3320.1704639778,83.0161650045
3321.5984942848,82.9152575606
3323.0265245919,82.8565473378
3324.4545548990,82.7307640209
3325.8825852061,82.7227193709
3327.3106155132,82.6915542997
3328.7386458203,82.7164467427
3330.1666761274,82.8784281097
3331.5947064345,82.7586928834
3333.0227367415,82.5111023259
3334.4507670486,82.5745014160
3335.8787973557,82.6653129709
3337.3068276628,82.6232652864
3338.7348579699,82.7457708958
3340.1628882770,82.9095927018
3341.5909185841,82.8458633487
3343.0189488912,82.7683316901
3344.4469791982,82.8434789020
3345.8750095053,83.0378480919
3347.3030398124,83.3398511635
3348.7310701195,83.4490072532
3350.1591004266,83.3663050221
3351.5871307337,83.5852492402
3353.0151610408,83.9252161072
3354.4431913478,83.9594271688
3355.8712216549,83.9567332887
3357.2992519620,84.1383544217
3358.7272822691,84.2211244538
3360.1553125762,84.2083442750
3361.5833428833,84.4895246610
3363.0113731904,84.7081695007
3364.4394034975,84.4919976165
3365.8674338045,84.6012755223
3367.2954641116,84.9155541649
3368.7234944187,84.7387517294
3370.1515247258,84.8277456256
3371.5795550329,85.2002508449
3373.0075853400,85.1551143295
3374.4356156471,85.1989277486
3375.8636459542,85.3206261694
3377.2916762612,85.3134063863
3378.7197065683,85.5658179723
3380.1477368754,85.6552879149
3381.5757671825,85.5776590604
3383.0037974896,85.7822864266
3384.4318277967,85.8834871025
3385.8598581038,85.8898112207
3387.2878884109,85.9863690972
3388.7159187179,86.0629397338
3390.1439490250,86.1267366272
3391.5719793321,85.9889084868
3393.0000096392,86.0660002374
3394.4280399463,86.4438017885
3395.8560702534,86.2649675935
3397.2841005605,86.0328986428
3398.7121308676,86.3309793802
3400.1401611746,86.5656825975
3401.5681914817,86.7205121498
3402.9962217888,86.6596926501
3404.4242520959,86.4974581911
3405.8522824030,86.7451351234
3407.2803127101,86.8076526965
3408.7083430172,86.6585286752
3410.1363733243,86.8035974406
3411.5644036313,86.8974108205
3412.9924339384,87.0930695143
3414.4204642455,87.2397226401
3415.8484945526,87.0677045457
3417.2765248597,87.3010678786
3418.7045551668,87.5332675346
3420.1325854739,87.3695790745
3421.5606157809,87.6140968561
3422.9886460880,87.8116190581
3424.4166763951,87.6395571282
3425.8447067022,87.7229651164
3427.2727370093,87.8325343383
3428.7007673164,87.8398695791
3430.1287976235,87.9881695240
3431.5568279306,88.1052857196
3432.9848582376,88.1368086064
3434.4128885447,88.2961760173
3435.8409188518,88.6208507669
3437.2689491589,88.6546909364
3438.6969794660,88.5162807165
3440.1250097731,88.7506640923
3441.5530400802,88.7838586732
3442.9810703873,88.7608023517
3444.4091006943,89.3282623393
3445.8371310014,89.3979949797
3447.2651613085,88.9593043244
3448.6931916156,89.1922646842
3450.1212219227,89.4340543515
3451.5492522298,89.3763282241
3452.9772825369,89.3756734839
3454.4053128440,89.4625685218
3455.8333431510,89.7039420212
3457.2613734581,89.6665098006
3458.6894037652,89.6961357478
3460.1174340723,90.2020465014
3461.5454643794,90.0797048791
3462.9734946865,89.8067210938
3464.4015249936,90.2716497803
3465.8295553007,90.3237158951
3467.2575856077,90.1710211242
3468.6856159148,90.4889534391
3470.1136462219,90.5322887265
3471.5416765290,90.5321124390
3472.9697068361,90.7455394628
3474.3977371432,90.8116667085
3475.8257674503,91.0031768860
3477.2537977573,91.1430039151
3478.6818280644,90.9613203871
3480.1098583715,90.8408709217
3481.5378886786,90.9584314289
3482.9659189857,91.2552491355
3484.3939492928,91.4214099297
3485.8219795999,91.3355055765
3487.2500099070,91.3010770739
3488.6780402140,91.3212439060
3490.1060705211,91.3974035196
3491.5341008282,91.6269964433
3492.9621311353,91.6725509311
3494.3901614424,91.5171077647
3495.8181917495,91.5227638806
3497.2462220566,91.7475945774
3498.6742523637,91.9921965633
3500.1022826707,92.0488685803
3501.5303129778,91.9475156088
3502.9583432849,91.8099607075
3504.3863735920,91.7469151653
3505.8144038991,91.8894991771
3507.2424342062,92.1082653302
3508.6704645133,92.1940749767
3510.0984948204,92.0896825088
3511.5265251274,92.0404412914
3512.9545554345,92.1661916818
3514.3825857416,92.1753101208
3515.8106160487,92.2017982019
3517.2386463558,92.4875807962
3518.6666766629,92.5332039323
3520.0947069700,92.5201812847
3521.5227372771,92.7178207334
3522.9507675841,92.5197975894
3524.3787978912,92.4422716376
3525.8068281983,92.6638667231
3527.2348585054,92.2640415566
3528.6628888125,92.1543593601
3530.0909191196,92.6957048535
3531.5189494267,92.7496032037
3532.9469797338,92.8009658973
3534.3750100408,93.0400176847
3535.8030403479,92.8948668008
3537.2310706550,92.9189358736
3538.6591009621,93.1449823670
3540.0871312692,93.1848966444
3541.5151615763,93.3401728131
3542.9431918834,93.5066682748
3544.3712221904,93.4560535759
3545.7992524975,93.2683743140
3547.2272828046,93.0875126143
3548.6553131117,93.3040374468
3550.0833434188,93.6195990977
3551.5113737259,93.3632295048
3552.9394040330,93.0039824698
3554.3674343401,93.3802806959
3555.7954646471,93.6687843549
3557.2234949542,93.4477220926
3558.6515252613,93.3921663090
3560.0795555684,93.5044955110
3561.5075858755,93.5783955653
3562.9356161826,93.9582872113
3564.3636464897,94.1991646359
3565.7916767968,93.9251216537
3567.2197071038,93.6354849730
3568.6477374109,93.5482474435
3570.0757677180,93.5052142305
3571.5037980251,93.7194097468
3572.9318283322,93.8267428387
3574.3598586393,93.9571403793
3575.7878889464,94.1960124534
3577.2159192535,94.0066818621
3578.6439495605,93.9355414123
3580.0719798676,94.2460172787
3581.5000101747,94.3510640418
3582.9280404818,94.5394960024
3584.3560707889,94.7549701601
3585.7841010960,94.6340558920
3587.2121314031,94.3467331611
3588.6401617102,94.1354726550
3590.0681920172,94.2806806567
3591.4962223243,94.5606032730
3592.9242526314,94.3735405730
3594.3522829385,94.1070264964
3595.7803132456,94.2299451628
3597.2083435527,94.2480509246
3598.6363738598,94.4197762292
3600.0644041668,94.5356811184
3601.4924344739,94.3870721645
3602.9204647810,94.6143909262
3604.3484950881,94.7886632281
3605.7765253952,94.8386539379
3607.2045557023,95.0937421536
3608.6325860094,94.5905730263
3610.0606163165,94.3236720366
3611.4886466235,94.9290324405
3612.9166769306,94.8289224569
3614.3447072377,94.2530753975
3615.7727375448,94.5762125575
3617.2007678519,95.0353644129
3618.6287981590,95.1722199186
3620.0568284661,94.6890014359
3621.4848587732,94.4982823040
3622.9128890802,94.9428838977
3624.3409193873,94.8690625639
3625.7689496944,94.8443845512
3627.1969800015,95.8910948060
3628.6250103086,95.2630607944
3630.0530406157,93.7932999409
3631.4810709228,94.9807465434
3632.9091012299,94.9692329191
3634.3371315369,94.0514009558
3635.7651618440,94.9651734326
3637.1931921511,95.3092228434
3638.6212224582,94.9303078030
3640.0492527653,95.2221541603
3641.4772830724,95.3776019105
3642.9053133795,95.1240013184
3644.3333436866,95.6120384385
3645.7613739936,96.0191570577
3647.1894043007,95.3028125712
3648.6174346078,95.6193844359
3650.0454649149,95.3103870556
3651.4734952220,93.7663759093
3652.9015255291,94.6729349317
3654.3295558362,95.6417605167
3655.7575861433,95.1776259353
3657.1856164503,94.8696539873
3658.6136467574,95.4240034565
3660.0416770645,95.3447997065
3661.4697073716,95.1658046596
3662.8977376787,95.5209695246
3664.3257679858,95.8232604297
3665.7537982929,95.7297503257
3667.1818285999,95.6704657090
3668.6098589070,96.2369293581
3670.0378892141,95.7833005816
3671.4659195212,94.5268513593
3672.8939498283,95.6526066145
3674.3219801354,96.7723724738
3675.7500104425,93.2812513859
3677.1780407496,94.8233208570
3678.6060710566,95.8173058077
3680.0341013637,94.7268409454
3681.4621316708,95.1570709480
3682.8901619779,95.7892590893
3684.3181922850,95.3021261513
3685.7462225921,95.5030063849
3687.1742528992,96.0893685705
3688.6022832063,95.1824485379
3690.0303135133,95.2756010850
3691.4583438204,95.3601549111
3692.8863741275,94.9429702973
3694.3144044346,95.1957301586
3695.7424347417,95.3107857658
3697.1704650488,95.1907141017
3698.5984953559,95.5082770700
3700.0265256630,95.6967725978
3701.4545559700,95.5511571016
3702.8825862771,95.4635442373
3704.3106165842,95.4432575808
3705.7386468913,95.6205480045
3707.1666771984,95.6421883309
3708.5947075055,95.4207438243
3710.0227378126,95.5213361802
3711.4507681197,95.4907213902
3712.8787984267,95.0933446453
3714.3068287338,95.2920305972
3715.7348590409,95.5656657453
3717.1628893480,95.4193738690
3718.5909196551,95.3078226175
3720.0189499622,95.6512352305
3721.4469802693,95.7018504733
3722.8750105763,95.3583343272
3724.3030408834,95.5721864889
3725.7310711905,95.7420940611
3727.1591014976,95.2986109810
3728.5871318047,95.4803333579
3730.0151621118,95.9692441858
3731.4431924189,95.8643085245
3732.8712227260,95.8460451719
3734.2992530330,96.4915279128
3735.7272833401,95.0195074484
3737.1553136472,94.5270673910
3738.5833439543,95.6116239624
3740.0113742614,95.4367619229
3741.4394045685,95.3549789443
3742.8674348756,97.0388027184
3744.2954651827,95.9971718239
3745.7234954897,94.3436037468
3747.1515257968,95.8502189572
3748.5795561039,96.1455505346
3750.0075864110,94.9344863735
3751.4356167181,95.5735330053
3752.8636470252,95.0618847899
3754.2916773323,95.0679409537
3755.7197076394,95.5286489947
3757.1477379464,95.1940155716
3758.5757682535,95.6041820152
3760.0037985606,95.8023705676
3761.4318288677,94.8429032375
3762.8598591748,95.4042720727
3764.2878894819,95.7676635478
3765.7159197890,94.8774527302
3767.1439500961,95.4379562173
3768.5719804031,95.8329551646
3770.0000107102,95.0155018599
3771.4280410173,95.1731072344
3772.8560713244,95.3202865197
3774.2841016315,95.1889230426
3775.7121319386,95.4056807614
3777.1401622457,95.6007875021
3778.5681925528,95.6708690842
3779.9962228598,95.2779579502
3781.4242531669,95.2058843185
3782.8522834740,95.5508160355
3784.2803137811,95.2905113174
3785.7083440882,95.1747576096
3787.1363743953,95.5291445582
3788.5644047024,95.2307600123
3789.9924350094,95.2720520486
3791.4204653165,95.6257678000
3792.8484956236,95.2778120237
3794.2765259307,95.4799226946
3795.7045562378,96.0743061066
3797.1325865449,95.2009221690
3798.5606168520,95.2641378508
3799.9886471591,96.2795027788
3801.4166774661,95.4853370565
3802.8447077732,94.5573323970
3804.2727380803,95.2802889983
3805.7007683874,96.0056875610
3807.1287986945,94.6210920197
3808.5568290016,94.7491102303
3809.9848593087,95.6299811435
3811.4128896158,95.1464452796
3812.8409199228,94.9007720563
3814.2689502299,96.5831050604
3815.6969805370,96.2734476330
3817.1250108441,94.4903146751
3818.5530411512,95.7342329095
3819.9810714583,96.2501955043
3821.4091017654,93.9185948673
3822.8371320725,94.8703323374
3824.2651623795,95.8226585209
3825.6931926866,95.3548103821
3827.1212229937,94.8067578476
3828.5492533008,95.7131873902
3829.9772836079,95.9416818953
3831.4053139150,95.3170957863
3832.8333442221,95.8435624546
3834.2613745292,96.1994229945
3835.6894048362,95.8206907405
3837.1174351433,96.0149353931
3838.5454654504,95.6053213443
3839.9734957575,94.7709410069
3841.4015260646,95.0953348369
3842.8295563717,95.5738147209
3844.2575866788,95.2862321715
3845.6856169858,95.1163262964
3847.1136472929,95.6568547412
3848.5416776000,95.9067325979
3849.9697079071,95.7438023198
3851.3977382142,96.7482214653
3852.8257685213,97.1144661099
3854.2537988284,94.1807784840
3855.6818291355,95.0187227224
3857.1098594425,94.9853795439
3858.5378897496,94.8122247739
3859.9659200567,95.6515220994
3861.3939503638,95.4865659767
3862.8219806709,95.4176803218
3864.2500109780,96.0399234707
3865.6780412851,94.5341069802
3867.1060715922,95.2415027083
3868.5341018992,97.0242564262
3869.9621322063,95.0695585757
3871.3901625134,94.8789549841
3872.8181928205,95.8485611436
3874.2462231276,94.7363446711
3875.6742534347,94.7927414521
3877.1022837418,95.5953205924
3878.5303140489,95.8954113119
3879.9583443559,96.1331762322
3881.3863746630,95.2763752823
3882.8144049701,95.4498481109
3884.2424352772,96.3939276369
3885.6704655843,95.0178583743
3887.0984958914,94.7441939418
3888.5265261985,95.7936600760
3889.9545565056,95.5394562828
3891.3825868126,94.8679714046
3892.8106171197,95.4010906194
3894.2386474268,95.4621205850
3895.6666777339,95.3710506048
3897.0947080410,95.5624948424
3898.5227383481,95.9482495248
3899.9507686552,95.6629201602
3901.3787989623,95.3195240015
3902.8068292693,95.7171021578
3904.2348595764,94.8720978800
3905.6628898835,94.2798011030
3907.0909201906,95.1319128655
3908.5189504977,95.2926397839
3909.9469808048,95.2578056155
3911.3750111119,95.6046120068
3912.8030414189,95.3405779613
3914.2310717260,95.6060823428
3915.6591020331,95.9840362745
3917.0871323402,95.3561758210
3918.5151626473,95.3790135533
3919.9431929544,95.1847988041
3921.3712232615,94.8953983769
3922.7992535686,95.5770390522
3924.2272838756,95.2274680394
3925.6553141827,94.6136122775
3927.0833444898,95.5118139532
3928.5113747969,95.5902066828
3929.9394051040,95.1183999789
3931.3674354111,95.4760907113
3932.7954657182,95.2171361786
3934.2234960253,94.8867475024
3935.6515263323,95.2808121862
3937.0795566394,95.3580828104
3938.5075869465,95.2107178208
3939.9356172536,95.3178078699
3941.3636475607,95.4490710181
3942.7916778678,95.2343429212
3944.2197081749,95.0882243954
3945.6477384820,95.2809882658
3947.0757687890,95.2403531875
3948.5037990961,94.9656212517
3949.9318294032,95.0880131382
3951.3598597103,95.0987450243
3952.7878900174,95.1178241709
3954.2159203245,95.3005506548
3955.6439506316,95.1689982480
3957.0719809387,95.0478578490
3958.5000112457,95.1912275209
3959.9280415528,95.2575256347
3961.3560718599,95.1525781673
3962.7841021670,95.0019650407
3964.2121324741,95.0855731025
3965.6401627812,95.2690974423
3967.0681930883,95.2615617552
3968.4962233953,95.1943365628
3969.9242537024,95.1260043069
3971.3522840095,95.1441058900
3972.7803143166,95.1741302504
3974.2083446237,95.0148932262
3975.6363749308,95.0643782574
3977.0644052379,95.2241537782
3978.4924355450,95.1207471356
3979.9204658520,95.1313616031
3981.3484961591,95.2322034063
3982.7765264662,95.1835848661
3984.2045567733,95.0656201781
3985.6325870804,94.9383227314
3987.0606173875,95.0808314730
3988.4886476946,95.2125468320
3989.9166780017,95.0875085304
3991.3447083087,95.1977965700
3992.7727386158,95.2484771904
3994.2007689229,95.0691480553
3995.6287992300,95.1441138488
3997.0568295371,95.2078271270
3998.4848598442,95.1869093372
3999.9128901513,95.2277051126